intent_code,text,amount,currency,beneficiary,account,time,reference
REPEAT_PAYMENT,can you redo that last transfer,,,,,,
REPEAT_PAYMENT,"same as before, please",,,,,,
REPEAT_PAYMENT,repeat the payment from yesterday,,,,,from yesterday,
REPEAT_PAYMENT,repeat my last payment,,,,,,
REPEAT_PAYMENT,duplicate the previous transaction,,,,,,
REPEAT_PAYMENT,redo the payment to xyz corp,,,xyz corp,,,
REPEAT_PAYMENT,"pay anita desai again, same as last time",,,anita desai,,,
REPEAT_PAYMENT,recreate the transaction invoice INV-2291,,,,,,invoice INV-2291
REPEAT_PAYMENT,do that payment again,,,,,,
REPEAT_PAYMENT,repeat the transfer to michael chen from my usd account,,,michael chen,my usd account,,
REPEAT_PAYMENT,"send my brother another 10000 EUR, same as before",10000,EUR,my brother,,,
REPEAT_PAYMENT,"pay the landlord again, same as last time",,,the landlord,,,
REPEAT_PAYMENT,repeat the payment from last month,,,,,from last month,
REPEAT_PAYMENT,do the same payment to green energy pvt ltd from the 5th,,,green energy pvt ltd,,from the 5th,
REPEAT_PAYMENT,repeat the payment from last friday,,,,,from last friday,
REPEAT_PAYMENT,"pay xyz corp again, same as last time",,,xyz corp,,,
REPEAT_PAYMENT,redo the payment to green energy pvt ltd,,,green energy pvt ltd,,,
REPEAT_PAYMENT,recreate the transaction instruction id INS-556,,,,,,instruction id INS-556
REPEAT_PAYMENT,do the same payment as invoice INV-2291,,,,,,invoice INV-2291
REPEAT_PAYMENT,repeat the last payment from account number 003321,,,,account number 003321,,
REPEAT_PAYMENT,repeat the last payment from the account ending 4521,,,,the account ending 4521,,
REPEAT_PAYMENT,redo the payment to the landlord,,,the landlord,,,
REPEAT_PAYMENT,redo the payment to priya sharma,,,priya sharma,,,
REPEAT_PAYMENT,resend 100000 EUR to the landlord like last time,100000,EUR,the landlord,,,
REPEAT_PAYMENT,"pay the electricity board again, same as last time",,,the electricity board,,,
REPEAT_PAYMENT,do the same payment to john smith from yesterday,,,john smith,,from yesterday,
REPEAT_PAYMENT,repeat the last transfer of 500 rupees,500,rupees,,,,
REPEAT_PAYMENT,"resend the payment to grand hotel, instruction id INS-556",,,grand hotel,,,instruction id INS-556
REPEAT_PAYMENT,recreate the transaction order id ORD-7712,,,,,,order id ORD-7712
REPEAT_PAYMENT,repeat the transfer to delta enterprises,,,delta enterprises,,,
REPEAT_PAYMENT,redo the payment to grand hotel,,,grand hotel,,,
REPEAT_PAYMENT,redo the payment to oceanic exports,,,oceanic exports,,,
REPEAT_PAYMENT,"send green energy pvt ltd another 5000 rupees, same as before",5000,rupees,green energy pvt ltd,,,
REPEAT_PAYMENT,resend 100000 rupees to xyz corp like last time,100000,rupees,xyz corp,,,
REPEAT_PAYMENT,repeat the transfer to our supplier,,,our supplier,,,
REPEAT_PAYMENT,repeat the transfer to my brother,,,my brother,,,
REPEAT_PAYMENT,resend 1200 rupees to our supplier like last time,1200,rupees,our supplier,,,
REPEAT_PAYMENT,recreate the transaction transaction id TXN88213,,,,,,transaction id TXN88213
REPEAT_PAYMENT,repeat the transfer to xyz corp,,,xyz corp,,,
REPEAT_PAYMENT,redo the payment to john smith,,,john smith,,,
REPEAT_PAYMENT,"pay delta enterprises again, same as last time",,,delta enterprises,,,
REPEAT_PAYMENT,redo the payment to delta enterprises,,,delta enterprises,,,
REPEAT_PAYMENT,send green energy pvt ltd the same payment from the 5th,,,green energy pvt ltd,,from the 5th,
REPEAT_PAYMENT,"send john smith another 32000 EUR, same as before",32000,EUR,john smith,,,
REPEAT_PAYMENT,repeat the last transfer of 75000 EUR,75000,EUR,,,,
REPEAT_PAYMENT,repeat the last transfer of 4500 GBP,4500,GBP,,,,
REPEAT_PAYMENT,repeat the transfer to michael chen,,,michael chen,,,
REPEAT_PAYMENT,repeat the transfer to grand hotel,,,grand hotel,,,
REPEAT_PAYMENT,repeat the transfer to priya sharma,,,priya sharma,,,
REPEAT_PAYMENT,do the same payment to tech solutions inc from the 5th,,,tech solutions inc,,from the 5th,
REPEAT_PAYMENT,do the same payment as transaction id TXN88213,,,,,,transaction id TXN88213
REPEAT_PAYMENT,redo the payment to my brother,,,my brother,,,
REPEAT_PAYMENT,repeat the payment from last week,,,,,from last week,
REPEAT_PAYMENT,repeat the transfer to the electricity board,,,the electricity board,,,
REPEAT_PAYMENT,"send priya sharma another 15000 USD, same as before",15000,USD,priya sharma,,,
REPEAT_PAYMENT,repeat the last transfer of 5000 rupees,5000,rupees,,,,
REPEAT_PAYMENT,"send my brother another 7800 INR, same as before",7800,INR,my brother,,,
REPEAT_PAYMENT,redo the payment to tech solutions inc,,,tech solutions inc,,,
REPEAT_PAYMENT,redo the payment to anita desai,,,anita desai,,,
REPEAT_PAYMENT,repeat the last payment from my usd account,,,,my usd account,,
REPEAT_PAYMENT,redo the payment to michael chen,,,michael chen,,,
REPEAT_PAYMENT,"repeat reference number REF3321, 32000 rupees",32000,rupees,,,,reference number REF3321
REPEAT_PAYMENT,do the same payment to green energy pvt ltd from last friday,,,green energy pvt ltd,,from last friday,
REPEAT_PAYMENT,do the same payment to xyz corp from last week,,,xyz corp,,from last week,
REPEAT_PAYMENT,repeat the transfer to anita desai,,,anita desai,,,
REPEAT_PAYMENT,repeat the transfer to oceanic exports,,,oceanic exports,,,
REPEAT_PAYMENT,"send priya sharma another 15000 dollars, same as before",15000,dollars,priya sharma,,,
REPEAT_PAYMENT,send the electricity board the same payment from last friday,,,the electricity board,,from last friday,
REPEAT_PAYMENT,recreate the transaction reference number REF3321,,,,,,reference number REF3321
REPEAT_PAYMENT,repeat the transfer to my brother from the account ending 4521,,,my brother,the account ending 4521,,
REPEAT_PAYMENT,repeat the transfer to green energy pvt ltd,,,green energy pvt ltd,,,
REPEAT_PAYMENT,repeat the transfer to tech solutions inc,,,tech solutions inc,,,
REPEAT_PAYMENT,do the same payment as instruction id INS-556,,,,,,instruction id INS-556
REPEAT_PAYMENT,"pay oceanic exports again, same as last time",,,oceanic exports,,,
REPEAT_PAYMENT,repeat the transfer to anita desai from account number 003321,,,anita desai,account number 003321,,
REPEAT_PAYMENT,"send john smith another 500 EUR, same as before",500,EUR,john smith,,,
REPEAT_PAYMENT,repeat the last transfer of 150000 pounds,150000,pounds,,,,
REPEAT_PAYMENT,repeat the transfer to john smith,,,john smith,,,
REPEAT_PAYMENT,"pay tech solutions inc again, same as last time",,,tech solutions inc,,,
REPEAT_PAYMENT,"repeat reference number REF3321, 10000 dollars",10000,dollars,,,,reference number REF3321
REPEAT_PAYMENT,repeat the transfer to the landlord,,,the landlord,,,
REPEAT_PAYMENT,"pay green energy pvt ltd again, same as last time",,,green energy pvt ltd,,,
REPEAT_PAYMENT,redo the payment to our supplier,,,our supplier,,,
REPEAT_PAYMENT,repeat the transfer to priya sharma from account number 003321,,,priya sharma,account number 003321,,
REPEAT_PAYMENT,do the same payment to priya sharma from last month,,,priya sharma,,from last month,
REPEAT_PAYMENT,"pay my brother again, same as last time",,,my brother,,,
REPEAT_PAYMENT,do the same payment to john smith from last week,,,john smith,,from last week,
REPEAT_PAYMENT,"resend the payment to delta enterprises, transaction id TXN88213",,,delta enterprises,,,transaction id TXN88213
REPEAT_PAYMENT,resend 7800 INR to grand hotel like last time,7800,INR,grand hotel,,,
REPEAT_PAYMENT,repeat the transfer to green energy pvt ltd from my usd account,,,green energy pvt ltd,my usd account,,
REPEAT_PAYMENT,repeat the transfer to xyz corp from my current account,,,xyz corp,my current account,,
REPEAT_PAYMENT,send anita desai the same payment from the 5th,,,anita desai,,from the 5th,
REPEAT_PAYMENT,resend 4500 rupees to anita desai like last time,4500,rupees,anita desai,,,
REPEAT_PAYMENT,resend 5000 EUR to xyz corp like last time,5000,EUR,xyz corp,,,
REPEAT_PAYMENT,"pay priya sharma again, same as last time",,,priya sharma,,,
REPEAT_PAYMENT,repeat the last transfer of 32000 pounds,32000,pounds,,,,
REPEAT_PAYMENT,repeat the transfer to xyz corp from the account ending 4521,,,xyz corp,the account ending 4521,,
REPEAT_PAYMENT,"pay our supplier again, same as last time",,,our supplier,,,
REPEAT_PAYMENT,"pay john smith again, same as last time",,,john smith,,,
REPEAT_PAYMENT,"pay michael chen again, same as last time",,,michael chen,,,
REPEAT_PAYMENT,repeat the last payment from my current account,,,,my current account,,
REPEAT_PAYMENT,redo the payment to the electricity board,,,the electricity board,,,
REPEAT_PAYMENT,"send my brother another 100000 INR, same as before",100000,INR,my brother,,,
REPEAT_PAYMENT,"send the landlord another 5000 INR, same as before",5000,INR,the landlord,,,
REPEAT_PAYMENT,repeat the payment from the 5th,,,,,from the 5th,
REPEAT_PAYMENT,resend 2500 INR to our supplier like last time,2500,INR,our supplier,,,
REPEAT_PAYMENT,repeat the last transfer of 7800 INR,7800,INR,,,,
REPEAT_PAYMENT,send john smith the same payment from the 5th,,,john smith,,from the 5th,
REPEAT_PAYMENT,send delta enterprises the same payment from last week,,,delta enterprises,,from last week,
REPEAT_PAYMENT,"send my brother another 45000 EUR, same as before",45000,EUR,my brother,,,
REPEAT_PAYMENT,do the same payment to the electricity board from last month,,,the electricity board,,from last month,
REPEAT_PAYMENT,repeat the last transfer of 10000 GBP,10000,GBP,,,,
REPEAT_PAYMENT,resend 150000 rupees to michael chen like last time,150000,rupees,michael chen,,,
REPEAT_PAYMENT,resend 62000 rupees to grand hotel like last time,62000,rupees,grand hotel,,,
REPEAT_PAYMENT,repeat the last transfer of 500 pounds,500,pounds,,,,
REPEAT_PAYMENT,repeat the last transfer of 75000 euros,75000,euros,,,,
REPEAT_PAYMENT,"resend the payment to the landlord, reference number REF3321",,,the landlord,,,reference number REF3321
REPEAT_PAYMENT,"resend the payment to oceanic exports, instruction id INS-556",,,oceanic exports,,,instruction id INS-556
REPEAT_PAYMENT,do the same payment to john smith from last month,,,john smith,,from last month,
REPEAT_PAYMENT,"send grand hotel another 7800 INR, same as before",7800,INR,grand hotel,,,
REPEAT_PAYMENT,"send john smith another 15000 euros, same as before",15000,euros,john smith,,,
REPEAT_PAYMENT,do the same payment to delta enterprises from yesterday,,,delta enterprises,,from yesterday,
REPEAT_PAYMENT,repeat the last transfer of 32000 EUR,32000,EUR,,,,
REPEAT_PAYMENT,repeat the transfer to our supplier from my usd account,,,our supplier,my usd account,,
REPEAT_PAYMENT,"send grand hotel another 45000 USD, same as before",45000,USD,grand hotel,,,
REPEAT_PAYMENT,"repeat invoice INV-2291, 100000 USD",100000,USD,,,,invoice INV-2291
REPEAT_PAYMENT,"pay grand hotel again, same as last time",,,grand hotel,,,
REPEAT_PAYMENT,repeat the transfer to our supplier from the corporate account,,,our supplier,the corporate account,,
REPEAT_PAYMENT,resend 75000 rupees to delta enterprises like last time,75000,rupees,delta enterprises,,,
REPEAT_PAYMENT,send priya sharma the same payment from last month,,,priya sharma,,from last month,
REPEAT_PAYMENT,resend 7800 pounds to anita desai like last time,7800,pounds,anita desai,,,
REPEAT_PAYMENT,repeat the last payment from the corporate account,,,,the corporate account,,
REPEAT_PAYMENT,resend 100000 GBP to xyz corp like last time,100000,GBP,xyz corp,,,
REPEAT_PAYMENT,repeat the last transfer of 2500 USD,2500,USD,,,,
REPEAT_PAYMENT,repeat the last transfer of 32000 dollars,32000,dollars,,,,
REPEAT_PAYMENT,do the same payment to our supplier from last month,,,our supplier,,from last month,
REPEAT_PAYMENT,"resend the payment to my brother, invoice INV-2291",,,my brother,,,invoice INV-2291
REPEAT_PAYMENT,do the same payment to priya sharma from last week,,,priya sharma,,from last week,
REPEAT_PAYMENT,send priya sharma the same payment from the 5th,,,priya sharma,,from the 5th,
REPEAT_PAYMENT,resend 100000 GBP to priya sharma like last time,100000,GBP,priya sharma,,,
REPEAT_PAYMENT,repeat the transfer to oceanic exports from my usd account,,,oceanic exports,my usd account,,
REPEAT_PAYMENT,repeat the last transfer of 5000 dollars,5000,dollars,,,,
REPEAT_PAYMENT,"resend the payment to priya sharma, reference number REF3321",,,priya sharma,,,reference number REF3321
REPEAT_PAYMENT,"repeat instruction id INS-556, 100000 pounds",100000,pounds,,,,instruction id INS-556
REPEAT_PAYMENT,"resend the payment to the landlord, invoice INV-2291",,,the landlord,,,invoice INV-2291
REPEAT_PAYMENT,"resend the payment to grand hotel, invoice INV-2291",,,grand hotel,,,invoice INV-2291
REPEAT_PAYMENT,"send tech solutions inc another 2500 INR, same as before",2500,INR,tech solutions inc,,,
REPEAT_PAYMENT,resend 100000 dollars to priya sharma like last time,100000,dollars,priya sharma,,,
REPEAT_PAYMENT,repeat the last transfer of 62000 rupees,62000,rupees,,,,
REPEAT_PAYMENT,"send xyz corp another 32000 rupees, same as before",32000,rupees,xyz corp,,,
REPEAT_PAYMENT,repeat the last transfer of 150000 INR,150000,INR,,,,
REPEAT_PAYMENT,repeat the last transfer of 100000 EUR,100000,EUR,,,,
REPEAT_PAYMENT,"send grand hotel another 75000 pounds, same as before",75000,pounds,grand hotel,,,
REPEAT_PAYMENT,repeat the last transfer of 25000 euros,25000,euros,,,,
REPEAT_PAYMENT,repeat the transfer to the electricity board from the account ending 4521,,,the electricity board,the account ending 4521,,
REPEAT_PAYMENT,do the same payment to my brother from last month,,,my brother,,from last month,
REPEAT_PAYMENT,"resend the payment to my brother, instruction id INS-556",,,my brother,,,instruction id INS-556
REPEAT_PAYMENT,repeat the transfer to xyz corp from my usd account,,,xyz corp,my usd account,,
REPEAT_PAYMENT,send our supplier the same payment from yesterday,,,our supplier,,from yesterday,
REPEAT_PAYMENT,"resend the payment to the electricity board, transaction id TXN88213",,,the electricity board,,,transaction id TXN88213
REPEAT_PAYMENT,"resend the payment to the landlord, instruction id INS-556",,,the landlord,,,instruction id INS-556
REPEAT_PAYMENT,"resend the payment to john smith, order id ORD-7712",,,john smith,,,order id ORD-7712
REPEAT_PAYMENT,"resend the payment to the electricity board, order id ORD-7712",,,the electricity board,,,order id ORD-7712
REPEAT_PAYMENT,resend 25000 pounds to michael chen like last time,25000,pounds,michael chen,,,
REPEAT_PAYMENT,repeat the transfer to delta enterprises from the corporate account,,,delta enterprises,the corporate account,,
REPEAT_PAYMENT,"resend the payment to john smith, instruction id INS-556",,,john smith,,,instruction id INS-556
REPEAT_PAYMENT,do the same payment to xyz corp from last friday,,,xyz corp,,from last friday,
REPEAT_PAYMENT,repeat the transfer to the electricity board from account number 003321,,,the electricity board,account number 003321,,
REPEAT_PAYMENT,repeat the transfer to the landlord from the account ending 4521,,,the landlord,the account ending 4521,,
REPEAT_PAYMENT,"resend the payment to priya sharma, instruction id INS-556",,,priya sharma,,,instruction id INS-556
REPEAT_PAYMENT,repeat the transfer to michael chen from the account ending 4521,,,michael chen,the account ending 4521,,
REPEAT_PAYMENT,repeat the transfer to the electricity board from my usd account,,,the electricity board,my usd account,,
REPEAT_PAYMENT,send the electricity board the same payment from the 5th,,,the electricity board,,from the 5th,
REPEAT_PAYMENT,send michael chen the same payment from yesterday,,,michael chen,,from yesterday,
REPEAT_PAYMENT,"repeat reference number REF3321, 75000 pounds",75000,pounds,,,,reference number REF3321
REPEAT_PAYMENT,do the same payment to delta enterprises from last week,,,delta enterprises,,from last week,
REPEAT_PAYMENT,repeat the last transfer of 100000 pounds,100000,pounds,,,,
REPEAT_PAYMENT,do the same payment to the landlord from the 5th,,,the landlord,,from the 5th,
REPEAT_PAYMENT,repeat the last transfer of 62000 euros,62000,euros,,,,
REPEAT_PAYMENT,resend 100000 GBP to john smith like last time,100000,GBP,john smith,,,
REPEAT_PAYMENT,repeat the last transfer of 45000 dollars,45000,dollars,,,,
REPEAT_PAYMENT,do the same payment to delta enterprises from last month,,,delta enterprises,,from last month,
REPEAT_PAYMENT,repeat the last transfer of 150000 dollars,150000,dollars,,,,
REPEAT_PAYMENT,"send tech solutions inc another 75000 INR, same as before",75000,INR,tech solutions inc,,,
REPEAT_PAYMENT,"resend the payment to delta enterprises, order id ORD-7712",,,delta enterprises,,,order id ORD-7712
REPEAT_PAYMENT,"resend the payment to michael chen, order id ORD-7712",,,michael chen,,,order id ORD-7712
REPEAT_PAYMENT,do the same payment to michael chen from last month,,,michael chen,,from last month,
REPEAT_PAYMENT,do the same payment to priya sharma from the 5th,,,priya sharma,,from the 5th,
REPEAT_PAYMENT,repeat the last transfer of 75000 INR,75000,INR,,,,
REPEAT_PAYMENT,repeat the last transfer of 45000 EUR,45000,EUR,,,,
REPEAT_PAYMENT,resend 7800 EUR to john smith like last time,7800,EUR,john smith,,,
REPEAT_PAYMENT,repeat the last transfer of 2500 EUR,2500,EUR,,,,
REPEAT_PAYMENT,do the same payment to our supplier from the 5th,,,our supplier,,from the 5th,
REPEAT_PAYMENT,resend 25000 euros to my brother like last time,25000,euros,my brother,,,
REPEAT_PAYMENT,do the same payment to green energy pvt ltd from last month,,,green energy pvt ltd,,from last month,
REPEAT_PAYMENT,"resend the payment to delta enterprises, reference number REF3321",,,delta enterprises,,,reference number REF3321
REPEAT_PAYMENT,repeat the last transfer of 62000 dollars,62000,dollars,,,,
REPEAT_PAYMENT,resend 45000 GBP to delta enterprises like last time,45000,GBP,delta enterprises,,,
REPEAT_PAYMENT,repeat the last transfer of 32000 euros,32000,euros,,,,
REPEAT_PAYMENT,"send green energy pvt ltd another 7800 dollars, same as before",7800,dollars,green energy pvt ltd,,,
REPEAT_PAYMENT,repeat the last transfer of 7800 dollars,7800,dollars,,,,
REPEAT_PAYMENT,repeat the transfer to grand hotel from the corporate account,,,grand hotel,the corporate account,,
REPEAT_PAYMENT,send delta enterprises the same payment from last friday,,,delta enterprises,,from last friday,
REPEAT_PAYMENT,resend 15000 GBP to the electricity board like last time,15000,GBP,the electricity board,,,
REPEAT_PAYMENT,send the electricity board the same payment from last week,,,the electricity board,,from last week,
REPEAT_PAYMENT,repeat the last transfer of 4500 rupees,4500,rupees,,,,
REPEAT_PAYMENT,repeat the last transfer of 7800 rupees,7800,rupees,,,,
REPEAT_PAYMENT,resend 75000 GBP to michael chen like last time,75000,GBP,michael chen,,,
REPEAT_PAYMENT,"repeat order id ORD-7712, 100000 euros",100000,euros,,,,order id ORD-7712
REPEAT_PAYMENT,send priya sharma the same payment from last friday,,,priya sharma,,from last friday,
REPEAT_PAYMENT,do the same payment to oceanic exports from yesterday,,,oceanic exports,,from yesterday,
REPEAT_PAYMENT,repeat the transfer to the landlord from account number 003321,,,the landlord,account number 003321,,
REPEAT_PAYMENT,repeat the transfer to priya sharma from my usd account,,,priya sharma,my usd account,,
REPEAT_PAYMENT,do the same payment to michael chen from the 5th,,,michael chen,,from the 5th,
REPEAT_PAYMENT,repeat the last transfer of 7800 USD,7800,USD,,,,
REPEAT_PAYMENT,repeat the transfer to xyz corp from account number 003321,,,xyz corp,account number 003321,,
REPEAT_PAYMENT,"resend the payment to my brother, order id ORD-7712",,,my brother,,,order id ORD-7712
REPEAT_PAYMENT,resend 4500 pounds to tech solutions inc like last time,4500,pounds,tech solutions inc,,,
REPEAT_PAYMENT,repeat the last transfer of 1200 EUR,1200,EUR,,,,
REPEAT_PAYMENT,send anita desai the same payment from last week,,,anita desai,,from last week,
REPEAT_PAYMENT,do the same payment to tech solutions inc from last friday,,,tech solutions inc,,from last friday,
REPEAT_PAYMENT,send our supplier the same payment from last month,,,our supplier,,from last month,
REPEAT_PAYMENT,"resend the payment to michael chen, transaction id TXN88213",,,michael chen,,,transaction id TXN88213
REPEAT_PAYMENT,resend 10000 USD to john smith like last time,10000,USD,john smith,,,
REPEAT_PAYMENT,resend 1200 USD to the landlord like last time,1200,USD,the landlord,,,
REPEAT_PAYMENT,"resend the payment to my brother, transaction id TXN88213",,,my brother,,,transaction id TXN88213
REPEAT_PAYMENT,repeat the transfer to anita desai from the account ending 4521,,,anita desai,the account ending 4521,,
REPEAT_PAYMENT,repeat the last transfer of 10000 EUR,10000,EUR,,,,
REPEAT_PAYMENT,resend 500 INR to my brother like last time,500,INR,my brother,,,
REPEAT_PAYMENT,"resend the payment to michael chen, invoice INV-2291",,,michael chen,,,invoice INV-2291
REPEAT_PAYMENT,"repeat order id ORD-7712, 32000 dollars",32000,dollars,,,,order id ORD-7712
REPEAT_PAYMENT,"resend the payment to anita desai, transaction id TXN88213",,,anita desai,,,transaction id TXN88213
REPEAT_PAYMENT,"repeat order id ORD-7712, 500 pounds",500,pounds,,,,order id ORD-7712
REPEAT_PAYMENT,"send oceanic exports another 7800 USD, same as before",7800,USD,oceanic exports,,,
REPEAT_PAYMENT,resend 2500 pounds to anita desai like last time,2500,pounds,anita desai,,,
REPEAT_PAYMENT,send my brother the same payment from last month,,,my brother,,from last month,
REPEAT_PAYMENT,send oceanic exports the same payment from last friday,,,oceanic exports,,from last friday,
REPEAT_PAYMENT,resend 75000 EUR to xyz corp like last time,75000,EUR,xyz corp,,,
REPEAT_PAYMENT,repeat the last transfer of 150000 GBP,150000,GBP,,,,
REPEAT_PAYMENT,repeat the last transfer of 500 EUR,500,EUR,,,,
REPEAT_PAYMENT,send grand hotel the same payment from yesterday,,,grand hotel,,from yesterday,
REPEAT_PAYMENT,send the landlord the same payment from yesterday,,,the landlord,,from yesterday,
REPEAT_PAYMENT,"send the electricity board another 32000 euros, same as before",32000,euros,the electricity board,,,
REPEAT_PAYMENT,repeat the last transfer of 25000 rupees,25000,rupees,,,,
REPEAT_PAYMENT,repeat the transfer to the landlord from my current account,,,the landlord,my current account,,
REPEAT_PAYMENT,"repeat order id ORD-7712, 45000 GBP",45000,GBP,,,,order id ORD-7712
REPEAT_PAYMENT,do the same payment to tech solutions inc from last week,,,tech solutions inc,,from last week,
REPEAT_PAYMENT,do the same payment to green energy pvt ltd from last week,,,green energy pvt ltd,,from last week,
REPEAT_PAYMENT,resend 5000 euros to delta enterprises like last time,5000,euros,delta enterprises,,,
REPEAT_PAYMENT,"send anita desai another 7800 dollars, same as before",7800,dollars,anita desai,,,
REPEAT_PAYMENT,resend 45000 rupees to my brother like last time,45000,rupees,my brother,,,
REPEAT_PAYMENT,send oceanic exports the same payment from yesterday,,,oceanic exports,,from yesterday,
REPEAT_PAYMENT,resend 500 euros to grand hotel like last time,500,euros,grand hotel,,,
REPEAT_PAYMENT,send my brother the same payment from yesterday,,,my brother,,from yesterday,
REPEAT_PAYMENT,repeat the transfer to michael chen from the corporate account,,,michael chen,the corporate account,,
REPEAT_PAYMENT,repeat the last transfer of 45000 INR,45000,INR,,,,
REPEAT_PAYMENT,resend 500 rupees to grand hotel like last time,500,rupees,grand hotel,,,
REPEAT_PAYMENT,resend 45000 pounds to our supplier like last time,45000,pounds,our supplier,,,
REPEAT_PAYMENT,send anita desai the same payment from last month,,,anita desai,,from last month,
REPEAT_PAYMENT,"resend the payment to oceanic exports, order id ORD-7712",,,oceanic exports,,,order id ORD-7712
REPEAT_PAYMENT,"resend the payment to green energy pvt ltd, invoice INV-2291",,,green energy pvt ltd,,,invoice INV-2291
REPEAT_PAYMENT,repeat the last transfer of 1200 USD,1200,USD,,,,
REPEAT_PAYMENT,repeat the transfer to tech solutions inc from my usd account,,,tech solutions inc,my usd account,,
REPEAT_PAYMENT,"resend the payment to delta enterprises, invoice INV-2291",,,delta enterprises,,,invoice INV-2291
REPEAT_PAYMENT,repeat the last transfer of 100000 GBP,100000,GBP,,,,
REPEAT_PAYMENT,send the landlord the same payment from the 5th,,,the landlord,,from the 5th,
REPEAT_PAYMENT,send xyz corp the same payment from last week,,,xyz corp,,from last week,
REPEAT_PAYMENT,repeat the transfer to priya sharma from my current account,,,priya sharma,my current account,,
REPEAT_PAYMENT,repeat the last transfer of 150000 euros,150000,euros,,,,
REPEAT_PAYMENT,repeat the transfer to green energy pvt ltd from the account ending 4521,,,green energy pvt ltd,the account ending 4521,,
REPEAT_PAYMENT,"send oceanic exports another 75000 pounds, same as before",75000,pounds,oceanic exports,,,
REPEAT_PAYMENT,repeat the last transfer of 500 euros,500,euros,,,,
REPEAT_PAYMENT,do the same payment to the electricity board from yesterday,,,the electricity board,,from yesterday,
REPEAT_PAYMENT,"resend the payment to grand hotel, transaction id TXN88213",,,grand hotel,,,transaction id TXN88213
REPEAT_PAYMENT,"send john smith another 75000 EUR, same as before",75000,EUR,john smith,,,
REPEAT_PAYMENT,repeat the last transfer of 75000 pounds,75000,pounds,,,,
REPEAT_PAYMENT,send michael chen the same payment from the 5th,,,michael chen,,from the 5th,
REPEAT_PAYMENT,resend 100000 EUR to anita desai like last time,100000,EUR,anita desai,,,
REPEAT_PAYMENT,resend 25000 pounds to grand hotel like last time,25000,pounds,grand hotel,,,
REPEAT_PAYMENT,"resend the payment to green energy pvt ltd, order id ORD-7712",,,green energy pvt ltd,,,order id ORD-7712
REPEAT_PAYMENT,repeat the transfer to xyz corp from the corporate account,,,xyz corp,the corporate account,,
REPEAT_PAYMENT,resend 15000 USD to green energy pvt ltd like last time,15000,USD,green energy pvt ltd,,,
REPEAT_PAYMENT,"repeat invoice INV-2291, 500 EUR",500,EUR,,,,invoice INV-2291
REPEAT_PAYMENT,"send green energy pvt ltd another 45000 dollars, same as before",45000,dollars,green energy pvt ltd,,,
REPEAT_PAYMENT,"send tech solutions inc another 45000 rupees, same as before",45000,rupees,tech solutions inc,,,
REPEAT_PAYMENT,repeat the last transfer of 25000 INR,25000,INR,,,,
REPEAT_PAYMENT,repeat the transfer to green energy pvt ltd from my current account,,,green energy pvt ltd,my current account,,
REPEAT_PAYMENT,resend 62000 INR to oceanic exports like last time,62000,INR,oceanic exports,,,
REPEAT_PAYMENT,send michael chen the same payment from last month,,,michael chen,,from last month,
REPEAT_PAYMENT,"send anita desai another 7800 USD, same as before",7800,USD,anita desai,,,
REPEAT_PAYMENT,resend 10000 EUR to john smith like last time,10000,EUR,john smith,,,
REPEAT_PAYMENT,send oceanic exports the same payment from the 5th,,,oceanic exports,,from the 5th,
REPEAT_PAYMENT,"send tech solutions inc another 15000 rupees, same as before",15000,rupees,tech solutions inc,,,
REPEAT_PAYMENT,repeat the transfer to anita desai from the corporate account,,,anita desai,the corporate account,,
REPEAT_PAYMENT,"resend the payment to the electricity board, invoice INV-2291",,,the electricity board,,,invoice INV-2291
REPEAT_PAYMENT,do the same payment to my brother from the 5th,,,my brother,,from the 5th,
REPEAT_PAYMENT,resend 150000 GBP to the landlord like last time,150000,GBP,the landlord,,,
REPEAT_PAYMENT,repeat the last transfer of 32000 INR,32000,INR,,,,
REPEAT_PAYMENT,repeat the last transfer of 100000 dollars,100000,dollars,,,,
REPEAT_PAYMENT,send john smith the same payment from last friday,,,john smith,,from last friday,
REPEAT_PAYMENT,"resend the payment to the electricity board, instruction id INS-556",,,the electricity board,,,instruction id INS-556
REPEAT_PAYMENT,"send xyz corp another 2500 GBP, same as before",2500,GBP,xyz corp,,,
REPEAT_PAYMENT,send the electricity board the same payment from last month,,,the electricity board,,from last month,
REPEAT_PAYMENT,repeat the last transfer of 7800 euros,7800,euros,,,,
REPEAT_PAYMENT,repeat the transfer to delta enterprises from my current account,,,delta enterprises,my current account,,
REPEAT_PAYMENT,repeat the last transfer of 25000 pounds,25000,pounds,,,,
REPEAT_PAYMENT,resend 2500 USD to my brother like last time,2500,USD,my brother,,,
REPEAT_PAYMENT,repeat the transfer to john smith from the corporate account,,,john smith,the corporate account,,
REPEAT_PAYMENT,"send priya sharma another 2500 dollars, same as before",2500,dollars,priya sharma,,,
REPEAT_PAYMENT,repeat the last transfer of 5000 GBP,5000,GBP,,,,
REPEAT_PAYMENT,"resend the payment to our supplier, invoice INV-2291",,,our supplier,,,invoice INV-2291
REPEAT_PAYMENT,"repeat reference number REF3321, 75000 GBP",75000,GBP,,,,reference number REF3321
REPEAT_PAYMENT,"resend the payment to the landlord, order id ORD-7712",,,the landlord,,,order id ORD-7712
REPEAT_PAYMENT,resend 7800 rupees to the electricity board like last time,7800,rupees,the electricity board,,,
REPEAT_PAYMENT,"repeat transaction id TXN88213, 32000 dollars",32000,dollars,,,,transaction id TXN88213
REPEAT_PAYMENT,send the landlord the same payment from last month,,,the landlord,,from last month,
REPEAT_PAYMENT,send john smith the same payment from last month,,,john smith,,from last month,
REPEAT_PAYMENT,resend 10000 dollars to priya sharma like last time,10000,dollars,priya sharma,,,
REPEAT_PAYMENT,"send michael chen another 2500 dollars, same as before",2500,dollars,michael chen,,,
REPEAT_PAYMENT,"send priya sharma another 4500 rupees, same as before",4500,rupees,priya sharma,,,
REPEAT_PAYMENT,"resend the payment to green energy pvt ltd, reference number REF3321",,,green energy pvt ltd,,,reference number REF3321
REPEAT_PAYMENT,send delta enterprises the same payment from the 5th,,,delta enterprises,,from the 5th,
REPEAT_PAYMENT,repeat the last transfer of 2500 pounds,2500,pounds,,,,
REPEAT_PAYMENT,repeat the transfer to delta enterprises from my usd account,,,delta enterprises,my usd account,,
REPEAT_PAYMENT,repeat the last transfer of 4500 INR,4500,INR,,,,
REPEAT_PAYMENT,"repeat invoice INV-2291, 15000 EUR",15000,EUR,,,,invoice INV-2291
REPEAT_PAYMENT,repeat the transfer to anita desai from my usd account,,,anita desai,my usd account,,
REPEAT_PAYMENT,resend 62000 GBP to grand hotel like last time,62000,GBP,grand hotel,,,
REPEAT_PAYMENT,repeat the last transfer of 10000 USD,10000,USD,,,,
REPEAT_PAYMENT,"send tech solutions inc another 150000 dollars, same as before",150000,dollars,tech solutions inc,,,
REPEAT_PAYMENT,send tech solutions inc the same payment from last friday,,,tech solutions inc,,from last friday,
REPEAT_PAYMENT,"repeat transaction id TXN88213, 62000 dollars",62000,dollars,,,,transaction id TXN88213
REPEAT_PAYMENT,"resend the payment to oceanic exports, invoice INV-2291",,,oceanic exports,,,invoice INV-2291
REPEAT_PAYMENT,resend 150000 USD to oceanic exports like last time,150000,USD,oceanic exports,,,
REPEAT_PAYMENT,"resend the payment to our supplier, transaction id TXN88213",,,our supplier,,,transaction id TXN88213
REPEAT_PAYMENT,send xyz corp the same payment from yesterday,,,xyz corp,,from yesterday,
REPEAT_PAYMENT,"send john smith another 10000 EUR, same as before",10000,EUR,john smith,,,
REPEAT_PAYMENT,do the same payment to tech solutions inc from yesterday,,,tech solutions inc,,from yesterday,
REPEAT_PAYMENT,repeat the transfer to tech solutions inc from my current account,,,tech solutions inc,my current account,,
REPEAT_PAYMENT,"send anita desai another 4500 INR, same as before",4500,INR,anita desai,,,
REPEAT_PAYMENT,repeat the last transfer of 15000 pounds,15000,pounds,,,,
REPEAT_PAYMENT,do the same payment to michael chen from yesterday,,,michael chen,,from yesterday,
REPEAT_PAYMENT,"repeat transaction id TXN88213, 2500 GBP",2500,GBP,,,,transaction id TXN88213
REPEAT_PAYMENT,repeat the last transfer of 10000 rupees,10000,rupees,,,,
REPEAT_PAYMENT,"repeat transaction id TXN88213, 150000 EUR",150000,EUR,,,,transaction id TXN88213
REPEAT_PAYMENT,"send john smith another 7800 pounds, same as before",7800,pounds,john smith,,,
REPEAT_PAYMENT,"resend the payment to tech solutions inc, order id ORD-7712",,,tech solutions inc,,,order id ORD-7712
REPEAT_PAYMENT,send my brother the same payment from last week,,,my brother,,from last week,
REPEAT_PAYMENT,do the same payment to delta enterprises from last friday,,,delta enterprises,,from last friday,
REPEAT_PAYMENT,"repeat reference number REF3321, 2500 INR",2500,INR,,,,reference number REF3321
REPEAT_PAYMENT,do the same payment to tech solutions inc from last month,,,tech solutions inc,,from last month,
REPEAT_PAYMENT,"send my brother another 150000 INR, same as before",150000,INR,my brother,,,
REPEAT_PAYMENT,do the same payment to anita desai from last friday,,,anita desai,,from last friday,
REPEAT_PAYMENT,repeat the last transfer of 150000 EUR,150000,EUR,,,,
REPEAT_PAYMENT,"send oceanic exports another 75000 euros, same as before",75000,euros,oceanic exports,,,
REPEAT_PAYMENT,send delta enterprises the same payment from yesterday,,,delta enterprises,,from yesterday,
REPEAT_PAYMENT,"send green energy pvt ltd another 1200 rupees, same as before",1200,rupees,green energy pvt ltd,,,
REPEAT_PAYMENT,do the same payment to oceanic exports from last friday,,,oceanic exports,,from last friday,
REPEAT_PAYMENT,do the same payment to our supplier from last week,,,our supplier,,from last week,
REPEAT_PAYMENT,"resend the payment to priya sharma, order id ORD-7712",,,priya sharma,,,order id ORD-7712
REPEAT_PAYMENT,repeat the transfer to tech solutions inc from the account ending 4521,,,tech solutions inc,the account ending 4521,,
REPEAT_PAYMENT,repeat the last transfer of 10000 dollars,10000,dollars,,,,
REPEAT_PAYMENT,resend 2500 pounds to oceanic exports like last time,2500,pounds,oceanic exports,,,
REPEAT_PAYMENT,do the same payment to delta enterprises from the 5th,,,delta enterprises,,from the 5th,
REPEAT_PAYMENT,resend 7800 rupees to my brother like last time,7800,rupees,my brother,,,
REPEAT_PAYMENT,resend 150000 rupees to oceanic exports like last time,150000,rupees,oceanic exports,,,
REPEAT_PAYMENT,resend 75000 euros to michael chen like last time,75000,euros,michael chen,,,
REPEAT_PAYMENT,resend 4500 pounds to oceanic exports like last time,4500,pounds,oceanic exports,,,
REPEAT_PAYMENT,resend 5000 USD to my brother like last time,5000,USD,my brother,,,
REPEAT_PAYMENT,"send xyz corp another 4500 dollars, same as before",4500,dollars,xyz corp,,,
REPEAT_PAYMENT,"resend the payment to michael chen, instruction id INS-556",,,michael chen,,,instruction id INS-556
REPEAT_PAYMENT,resend 7800 pounds to michael chen like last time,7800,pounds,michael chen,,,
REPEAT_PAYMENT,do the same payment to priya sharma from last friday,,,priya sharma,,from last friday,
REPEAT_PAYMENT,"send our supplier another 500 USD, same as before",500,USD,our supplier,,,
REPEAT_PAYMENT,"resend the payment to the landlord, transaction id TXN88213",,,the landlord,,,transaction id TXN88213
REPEAT_PAYMENT,repeat the last transfer of 7800 pounds,7800,pounds,,,,
REPEAT_PAYMENT,resend 75000 GBP to tech solutions inc like last time,75000,GBP,tech solutions inc,,,
REPEAT_PAYMENT,resend 4500 rupees to the electricity board like last time,4500,rupees,the electricity board,,,
REPEAT_PAYMENT,resend 75000 dollars to tech solutions inc like last time,75000,dollars,tech solutions inc,,,
REPEAT_PAYMENT,send john smith the same payment from yesterday,,,john smith,,from yesterday,
REPEAT_PAYMENT,"send john smith another 75000 rupees, same as before",75000,rupees,john smith,,,
REPEAT_PAYMENT,resend 150000 pounds to delta enterprises like last time,150000,pounds,delta enterprises,,,
REPEAT_PAYMENT,resend 45000 pounds to tech solutions inc like last time,45000,pounds,tech solutions inc,,,
REPEAT_PAYMENT,"repeat reference number REF3321, 5000 dollars",5000,dollars,,,,reference number REF3321
REPEAT_PAYMENT,"repeat instruction id INS-556, 45000 EUR",45000,EUR,,,,instruction id INS-556
REPEAT_PAYMENT,"resend the payment to tech solutions inc, reference number REF3321",,,tech solutions inc,,,reference number REF3321
REPEAT_PAYMENT,"resend the payment to anita desai, invoice INV-2291",,,anita desai,,,invoice INV-2291
REPEAT_PAYMENT,send michael chen the same payment from last friday,,,michael chen,,from last friday,
REPEAT_PAYMENT,repeat the last transfer of 62000 pounds,62000,pounds,,,,
REPEAT_PAYMENT,send the landlord the same payment from last friday,,,the landlord,,from last friday,
REPEAT_PAYMENT,"send our supplier another 1200 GBP, same as before",1200,GBP,our supplier,,,
REPEAT_PAYMENT,"resend the payment to our supplier, order id ORD-7712",,,our supplier,,,order id ORD-7712
REPEAT_PAYMENT,repeat the last transfer of 25000 dollars,25000,dollars,,,,
REPEAT_PAYMENT,resend 25000 USD to the landlord like last time,25000,USD,the landlord,,,
REPEAT_PAYMENT,repeat the last transfer of 25000 EUR,25000,EUR,,,,
REPEAT_PAYMENT,do the same payment to grand hotel from last month,,,grand hotel,,from last month,
REPEAT_PAYMENT,resend 4500 rupees to grand hotel like last time,4500,rupees,grand hotel,,,
REPEAT_PAYMENT,"resend the payment to our supplier, reference number REF3321",,,our supplier,,,reference number REF3321
REPEAT_PAYMENT,"repeat instruction id INS-556, 10000 EUR",10000,EUR,,,,instruction id INS-556
REPEAT_PAYMENT,resend 25000 pounds to oceanic exports like last time,25000,pounds,oceanic exports,,,
REPEAT_PAYMENT,"repeat transaction id TXN88213, 1200 USD",1200,USD,,,,transaction id TXN88213
REPEAT_PAYMENT,send anita desai the same payment from last friday,,,anita desai,,from last friday,
REPEAT_PAYMENT,"send tech solutions inc another 45000 euros, same as before",45000,euros,tech solutions inc,,,
REPEAT_PAYMENT,do the same payment to grand hotel from the 5th,,,grand hotel,,from the 5th,
REPEAT_PAYMENT,resend 2500 pounds to grand hotel like last time,2500,pounds,grand hotel,,,
REPEAT_PAYMENT,send tech solutions inc the same payment from last month,,,tech solutions inc,,from last month,
REPEAT_PAYMENT,"resend the payment to grand hotel, order id ORD-7712",,,grand hotel,,,order id ORD-7712
REPEAT_PAYMENT,repeat the transfer to michael chen from my current account,,,michael chen,my current account,,
REPEAT_PAYMENT,resend 1200 pounds to grand hotel like last time,1200,pounds,grand hotel,,,
REPEAT_PAYMENT,do the same payment to grand hotel from yesterday,,,grand hotel,,from yesterday,
REPEAT_PAYMENT,"resend the payment to anita desai, reference number REF3321",,,anita desai,,,reference number REF3321
REPEAT_PAYMENT,do the same payment to anita desai from last week,,,anita desai,,from last week,
REPEAT_PAYMENT,repeat the transfer to john smith from the account ending 4521,,,john smith,the account ending 4521,,
REPEAT_PAYMENT,repeat the last transfer of 7800 GBP,7800,GBP,,,,
REPEAT_PAYMENT,repeat the last transfer of 15000 GBP,15000,GBP,,,,
REPEAT_PAYMENT,repeat the last transfer of 62000 EUR,62000,EUR,,,,
REPEAT_PAYMENT,resend 1200 rupees to tech solutions inc like last time,1200,rupees,tech solutions inc,,,
REPEAT_PAYMENT,"repeat order id ORD-7712, 25000 rupees",25000,rupees,,,,order id ORD-7712
REPEAT_PAYMENT,repeat the last transfer of 2500 INR,2500,INR,,,,
REPEAT_PAYMENT,"repeat invoice INV-2291, 4500 euros",4500,euros,,,,invoice INV-2291
REPEAT_PAYMENT,resend 62000 pounds to tech solutions inc like last time,62000,pounds,tech solutions inc,,,
REPEAT_PAYMENT,"send delta enterprises another 150000 euros, same as before",150000,euros,delta enterprises,,,
REPEAT_PAYMENT,"send anita desai another 7800 INR, same as before",7800,INR,anita desai,,,
REPEAT_PAYMENT,"resend the payment to michael chen, reference number REF3321",,,michael chen,,,reference number REF3321
REPEAT_PAYMENT,resend 45000 euros to our supplier like last time,45000,euros,our supplier,,,
REPEAT_PAYMENT,"repeat invoice INV-2291, 5000 dollars",5000,dollars,,,,invoice INV-2291
REPEAT_PAYMENT,"resend the payment to oceanic exports, transaction id TXN88213",,,oceanic exports,,,transaction id TXN88213
REPEAT_PAYMENT,"send the electricity board another 100000 dollars, same as before",100000,dollars,the electricity board,,,
REPEAT_PAYMENT,"repeat reference number REF3321, 75000 EUR",75000,EUR,,,,reference number REF3321
REPEAT_PAYMENT,repeat the transfer to john smith from my usd account,,,john smith,my usd account,,
REPEAT_PAYMENT,resend 45000 GBP to grand hotel like last time,45000,GBP,grand hotel,,,
REPEAT_PAYMENT,send tech solutions inc the same payment from last week,,,tech solutions inc,,from last week,
REPEAT_PAYMENT,resend 2500 GBP to the electricity board like last time,2500,GBP,the electricity board,,,
REPEAT_PAYMENT,"send tech solutions inc another 15000 USD, same as before",15000,USD,tech solutions inc,,,
REPEAT_PAYMENT,"resend the payment to tech solutions inc, invoice INV-2291",,,tech solutions inc,,,invoice INV-2291
REPEAT_PAYMENT,resend 7800 INR to xyz corp like last time,7800,INR,xyz corp,,,
REPEAT_PAYMENT,resend 500 USD to our supplier like last time,500,USD,our supplier,,,
REPEAT_PAYMENT,repeat the last transfer of 25000 USD,25000,USD,,,,
REPEAT_PAYMENT,"resend the payment to green energy pvt ltd, instruction id INS-556",,,green energy pvt ltd,,,instruction id INS-556
REPEAT_PAYMENT,"repeat transaction id TXN88213, 500 rupees",500,rupees,,,,transaction id TXN88213
REPEAT_PAYMENT,do the same payment to xyz corp from the 5th,,,xyz corp,,from the 5th,
REPEAT_PAYMENT,"resend the payment to tech solutions inc, transaction id TXN88213",,,tech solutions inc,,,transaction id TXN88213
REPEAT_PAYMENT,do the same payment to grand hotel from last week,,,grand hotel,,from last week,
REPEAT_PAYMENT,repeat the transfer to oceanic exports from the corporate account,,,oceanic exports,the corporate account,,
REPEAT_PAYMENT,resend 500 INR to anita desai like last time,500,INR,anita desai,,,
REPEAT_PAYMENT,"send john smith another 45000 dollars, same as before",45000,dollars,john smith,,,
REPEAT_PAYMENT,"send green energy pvt ltd another 75000 GBP, same as before",75000,GBP,green energy pvt ltd,,,
REPEAT_PAYMENT,resend 62000 GBP to green energy pvt ltd like last time,62000,GBP,green energy pvt ltd,,,
REPEAT_PAYMENT,resend 4500 INR to xyz corp like last time,4500,INR,xyz corp,,,
REPEAT_PAYMENT,"resend the payment to anita desai, instruction id INS-556",,,anita desai,,,instruction id INS-556
REPEAT_PAYMENT,"send john smith another 15000 USD, same as before",15000,USD,john smith,,,
REPEAT_PAYMENT,do the same payment to anita desai from yesterday,,,anita desai,,from yesterday,
REPEAT_PAYMENT,repeat the transfer to john smith from my current account,,,john smith,my current account,,
REPEAT_PAYMENT,"repeat invoice INV-2291, 25000 dollars",25000,dollars,,,,invoice INV-2291
REPEAT_PAYMENT,resend 45000 INR to anita desai like last time,45000,INR,anita desai,,,
REPEAT_PAYMENT,repeat the transfer to our supplier from the account ending 4521,,,our supplier,the account ending 4521,,
REPEAT_PAYMENT,send green energy pvt ltd the same payment from yesterday,,,green energy pvt ltd,,from yesterday,
REPEAT_PAYMENT,"send grand hotel another 500 GBP, same as before",500,GBP,grand hotel,,,
REPEAT_PAYMENT,do the same payment to oceanic exports from last month,,,oceanic exports,,from last month,
REPEAT_PAYMENT,resend 15000 rupees to xyz corp like last time,15000,rupees,xyz corp,,,
REPEAT_PAYMENT,resend 2500 pounds to michael chen like last time,2500,pounds,michael chen,,,
REPEAT_PAYMENT,repeat the last transfer of 45000 rupees,45000,rupees,,,,
REPEAT_PAYMENT,repeat the transfer to priya sharma from the corporate account,,,priya sharma,the corporate account,,
REPEAT_PAYMENT,"repeat order id ORD-7712, 1200 GBP",1200,GBP,,,,order id ORD-7712
REPEAT_PAYMENT,repeat the last transfer of 500 GBP,500,GBP,,,,
REPEAT_PAYMENT,"repeat reference number REF3321, 7800 pounds",7800,pounds,,,,reference number REF3321
REPEAT_PAYMENT,resend 500 EUR to tech solutions inc like last time,500,EUR,tech solutions inc,,,
REPEAT_PAYMENT,resend 15000 euros to michael chen like last time,15000,euros,michael chen,,,
REPEAT_PAYMENT,do the same payment to the landlord from yesterday,,,the landlord,,from yesterday,
REPEAT_PAYMENT,"repeat transaction id TXN88213, 7800 euros",7800,euros,,,,transaction id TXN88213
REPEAT_PAYMENT,"resend the payment to john smith, reference number REF3321",,,john smith,,,reference number REF3321
REPEAT_PAYMENT,do the same payment to anita desai from the 5th,,,anita desai,,from the 5th,
REPEAT_PAYMENT,"send the electricity board another 2500 dollars, same as before",2500,dollars,the electricity board,,,
REPEAT_PAYMENT,repeat the transfer to john smith from account number 003321,,,john smith,account number 003321,,
REPEAT_PAYMENT,resend 5000 pounds to green energy pvt ltd like last time,5000,pounds,green energy pvt ltd,,,
REPEAT_PAYMENT,repeat the last transfer of 15000 dollars,15000,dollars,,,,
REPEAT_PAYMENT,send grand hotel the same payment from last friday,,,grand hotel,,from last friday,
REPEAT_PAYMENT,resend 4500 INR to green energy pvt ltd like last time,4500,INR,green energy pvt ltd,,,
REPEAT_PAYMENT,resend 32000 rupees to john smith like last time,32000,rupees,john smith,,,
REPEAT_PAYMENT,"resend the payment to xyz corp, reference number REF3321",,,xyz corp,,,reference number REF3321
REPEAT_PAYMENT,send tech solutions inc the same payment from the 5th,,,tech solutions inc,,from the 5th,
REPEAT_PAYMENT,do the same payment to the landlord from last friday,,,the landlord,,from last friday,
REPEAT_PAYMENT,"repeat reference number REF3321, 62000 pounds",62000,pounds,,,,reference number REF3321
REPEAT_PAYMENT,resend 15000 dollars to delta enterprises like last time,15000,dollars,delta enterprises,,,
REPEAT_PAYMENT,do the same payment to the landlord from last month,,,the landlord,,from last month,
REPEAT_PAYMENT,"send priya sharma another 32000 rupees, same as before",32000,rupees,priya sharma,,,
REPEAT_PAYMENT,resend 32000 pounds to anita desai like last time,32000,pounds,anita desai,,,
REPEAT_PAYMENT,resend 7800 USD to anita desai like last time,7800,USD,anita desai,,,
REPEAT_PAYMENT,repeat the transfer to grand hotel from account number 003321,,,grand hotel,account number 003321,,
REPEAT_PAYMENT,repeat the last transfer of 150000 rupees,150000,rupees,,,,
REPEAT_PAYMENT,"send my brother another 62000 USD, same as before",62000,USD,my brother,,,
REPEAT_PAYMENT,"repeat transaction id TXN88213, 45000 rupees",45000,rupees,,,,transaction id TXN88213
REPEAT_PAYMENT,resend 150000 pounds to priya sharma like last time,150000,pounds,priya sharma,,,
REPEAT_PAYMENT,resend 5000 EUR to delta enterprises like last time,5000,EUR,delta enterprises,,,
REPEAT_PAYMENT,"resend the payment to xyz corp, instruction id INS-556",,,xyz corp,,,instruction id INS-556
REPEAT_PAYMENT,send tech solutions inc the same payment from yesterday,,,tech solutions inc,,from yesterday,
REPEAT_PAYMENT,resend 62000 USD to delta enterprises like last time,62000,USD,delta enterprises,,,
REPEAT_PAYMENT,"send anita desai another 45000 euros, same as before",45000,euros,anita desai,,,
REPEAT_PAYMENT,"send the electricity board another 500 EUR, same as before",500,EUR,the electricity board,,,
REPEAT_PAYMENT,"repeat order id ORD-7712, 25000 GBP",25000,GBP,,,,order id ORD-7712
