intent_code,text,account,time,transaction_type,amount,currency,beneficiary,reference,status
TRANSACTION_HISTORY,what transactions came in today,,,,,,,,
TRANSACTION_HISTORY,list transactions with rajesh kumar the past 30 days,,the past 30 days,,,,rajesh kumar,,
TRANSACTION_HISTORY,any transactions over 2500 INR the past 3 months,,the past 3 months,,2500,INR,,,
TRANSACTION_HISTORY,show reversed transactions with the landlord,,,,,,the landlord,,reversed
TRANSACTION_HISTORY,show me cancelled transactions,,,,,,,,cancelled
TRANSACTION_HISTORY,transaction history for business account the past 30 days,business account,the past 30 days,,,,,,
TRANSACTION_HISTORY,show all transfer transactions this quarter,,this quarter,transfer,,,,,
TRANSACTION_HISTORY,list all withdrawal transactions,,,withdrawal,,,,,
TRANSACTION_HISTORY,list my recent activity,,,,,,,,
TRANSACTION_HISTORY,show me pending transactions,,,,,,,,pending
TRANSACTION_HISTORY,show my account activity last year,,last year,,,,,,
TRANSACTION_HISTORY,show my account activity today,,today,,,,,,
TRANSACTION_HISTORY,show my account activity this month,,this month,,,,,,
TRANSACTION_HISTORY,show rejected payment transactions,,,payment,,,,,rejected
TRANSACTION_HISTORY,what transactions have i made with rajesh kumar,,,,,,rajesh kumar,,
TRANSACTION_HISTORY,list all fee transactions,,,fee,,,,,
TRANSACTION_HISTORY,show failed transactions with oceanic exports,,,,,,oceanic exports,,failed
TRANSACTION_HISTORY,what transactions have i made with xyz corp,,,,,,xyz corp,,
TRANSACTION_HISTORY,get my transaction history from january to march,,from january to march,,,,,,
TRANSACTION_HISTORY,list all refund transactions,,,refund,,,,,
TRANSACTION_HISTORY,list all charge transactions,,,charge,,,,,
TRANSACTION_HISTORY,list transactions with the landlord the past 30 days,,the past 30 days,,,,the landlord,,
TRANSACTION_HISTORY,show my account activity last week,,last week,,,,,,
TRANSACTION_HISTORY,list transactions with our supplier today,,today,,,,our supplier,,
TRANSACTION_HISTORY,show failed transactions with green energy pvt ltd,,,,,,green energy pvt ltd,,failed
TRANSACTION_HISTORY,transaction history for my usd account the past 3 months,my usd account,the past 3 months,,,,,,
TRANSACTION_HISTORY,get my transaction history last year,,last year,,,,,,
TRANSACTION_HISTORY,list transactions with oceanic exports this month,,this month,,,,oceanic exports,,
TRANSACTION_HISTORY,what transactions have i made with oceanic exports,,,,,,oceanic exports,,
TRANSACTION_HISTORY,find the transaction for transaction id TXN88213,,,,,,,transaction id TXN88213,
TRANSACTION_HISTORY,show my account activity this quarter,,this quarter,,,,,,
TRANSACTION_HISTORY,show my account activity yesterday,,yesterday,,,,,,
TRANSACTION_HISTORY,show credit transactions on the corporate account,the corporate account,,credit,,,,,
TRANSACTION_HISTORY,show my account activity the past 30 days,,the past 30 days,,,,,,
TRANSACTION_HISTORY,list all payment transactions,,,payment,,,,,
TRANSACTION_HISTORY,get my transaction history the past 30 days,,the past 30 days,,,,,,
TRANSACTION_HISTORY,show transfer transactions on the account ending 4521,the account ending 4521,,transfer,,,,,
TRANSACTION_HISTORY,show charge transactions on business account,business account,,charge,,,,,
TRANSACTION_HISTORY,show pending interest transactions,,,interest,,,,,pending
TRANSACTION_HISTORY,show successful credit transactions,,,credit,,,,,successful
TRANSACTION_HISTORY,show all debit transactions today,,today,debit,,,,,
TRANSACTION_HISTORY,show all fee transactions last week,,last week,fee,,,,,
TRANSACTION_HISTORY,pull up transactions on my usd account from january to march,my usd account,from january to march,,,,,,
TRANSACTION_HISTORY,show my account activity from january to march,,from january to march,,,,,,
TRANSACTION_HISTORY,show me successful transactions,,,,,,,,successful
TRANSACTION_HISTORY,what transactions have i made with the landlord,,,,,,the landlord,,
TRANSACTION_HISTORY,show me reversed transactions,,,,,,,,reversed
TRANSACTION_HISTORY,list all interest transactions,,,interest,,,,,
TRANSACTION_HISTORY,list transactions with xyz corp this month,,this month,,,,xyz corp,,
TRANSACTION_HISTORY,show withdrawal transactions on my savings account,my savings account,,withdrawal,,,,,
TRANSACTION_HISTORY,what transactions have i made with our supplier,,,,,,our supplier,,
TRANSACTION_HISTORY,what did i pay rajesh kumar the past 3 months,,the past 3 months,,,,rajesh kumar,,
TRANSACTION_HISTORY,list transactions with tech solutions inc today,,today,,,,tech solutions inc,,
TRANSACTION_HISTORY,show transactions over 1200 INR,,,,1200,INR,,,
TRANSACTION_HISTORY,pull up transactions on the account ending 4521 the past 30 days,the account ending 4521,the past 30 days,,,,,,
TRANSACTION_HISTORY,what transactions have i made with green energy pvt ltd,,,,,,green energy pvt ltd,,
TRANSACTION_HISTORY,show all interest transactions from january to march,,from january to march,interest,,,,,
TRANSACTION_HISTORY,show all payment transactions last week,,last week,payment,,,,,
TRANSACTION_HISTORY,what did i pay rajesh kumar from january to march,,from january to march,,,,rajesh kumar,,
TRANSACTION_HISTORY,show transactions over 50000 USD,,,,50000,USD,,,
TRANSACTION_HISTORY,list transactions with our supplier this quarter,,this quarter,,,,our supplier,,
TRANSACTION_HISTORY,list transactions with xyz corp last week,,last week,,,,xyz corp,,
TRANSACTION_HISTORY,show refund transactions on my current account,my current account,,refund,,,,,
TRANSACTION_HISTORY,show rejected transactions with oceanic exports,,,,,,oceanic exports,,rejected
TRANSACTION_HISTORY,show all deposit transactions yesterday,,yesterday,deposit,,,,,
TRANSACTION_HISTORY,show failed payment transactions,,,payment,,,,,failed
TRANSACTION_HISTORY,show deposit transactions on the corporate account,the corporate account,,deposit,,,,,
TRANSACTION_HISTORY,show my account activity the past 3 months,,the past 3 months,,,,,,
TRANSACTION_HISTORY,show rejected refund transactions,,,refund,,,,,rejected
TRANSACTION_HISTORY,list all credit transactions,,,credit,,,,,
TRANSACTION_HISTORY,list transactions with tech solutions inc this month,,this month,,,,tech solutions inc,,
TRANSACTION_HISTORY,show charge transactions on my usd account,my usd account,,charge,,,,,
TRANSACTION_HISTORY,show interest transactions on my current account,my current account,,interest,,,,,
TRANSACTION_HISTORY,list transactions with our supplier from january to march,,from january to march,,,,our supplier,,
TRANSACTION_HISTORY,show all credit transactions today,,today,credit,,,,,
TRANSACTION_HISTORY,list all deposit transactions,,,deposit,,,,,
TRANSACTION_HISTORY,show transactions over 100000 USD,,,,100000,USD,,,
TRANSACTION_HISTORY,list all debit transactions,,,debit,,,,,
TRANSACTION_HISTORY,get my transaction history this month,,this month,,,,,,
TRANSACTION_HISTORY,transaction history for business account this month,business account,this month,,,,,,
TRANSACTION_HISTORY,transaction history for the account ending 4521 the past 30 days,the account ending 4521,the past 30 days,,,,,,
TRANSACTION_HISTORY,show me failed transactions,,,,,,,,failed
TRANSACTION_HISTORY,show credit transactions on my current account,my current account,,credit,,,,,
TRANSACTION_HISTORY,transaction history for the account ending 4521 from january to march,the account ending 4521,from january to march,,,,,,
TRANSACTION_HISTORY,any transactions over 15000 USD this quarter,,this quarter,,15000,USD,,,
TRANSACTION_HISTORY,show transactions over 500 USD,,,,500,USD,,,
TRANSACTION_HISTORY,show reversed payment transactions,,,payment,,,,,reversed
TRANSACTION_HISTORY,show successful charge transactions,,,charge,,,,,successful
TRANSACTION_HISTORY,show refund transactions on my savings account,my savings account,,refund,,,,,
TRANSACTION_HISTORY,what transactions have i made with tech solutions inc,,,,,,tech solutions inc,,
TRANSACTION_HISTORY,show transactions over 25000 GBP,,,,25000,GBP,,,
TRANSACTION_HISTORY,pull up transactions on the account ending 4521 this quarter,the account ending 4521,this quarter,,,,,,
TRANSACTION_HISTORY,list transactions with the landlord last year,,last year,,,,the landlord,,
TRANSACTION_HISTORY,find the transaction for invoice INV-2291,,,,,,,invoice INV-2291,
TRANSACTION_HISTORY,transaction history for the account ending 4521 today,the account ending 4521,today,,,,,,
TRANSACTION_HISTORY,show me rejected transactions,,,,,,,,rejected
TRANSACTION_HISTORY,what did i pay tech solutions inc last week,,last week,,,,tech solutions inc,,
TRANSACTION_HISTORY,show cancelled credit transactions,,,credit,,,,,cancelled
TRANSACTION_HISTORY,what did i pay our supplier yesterday,,yesterday,,,,our supplier,,
TRANSACTION_HISTORY,show transactions over 100000 GBP,,,,100000,GBP,,,
TRANSACTION_HISTORY,list transactions with green energy pvt ltd last year,,last year,,,,green energy pvt ltd,,
TRANSACTION_HISTORY,pull up transactions on business account from january to march,business account,from january to march,,,,,,
TRANSACTION_HISTORY,show all payment transactions last year,,last year,payment,,,,,
TRANSACTION_HISTORY,list all transfer transactions,,,transfer,,,,,
TRANSACTION_HISTORY,transaction history for my current account yesterday,my current account,yesterday,,,,,,
TRANSACTION_HISTORY,show all charge transactions yesterday,,yesterday,charge,,,,,
TRANSACTION_HISTORY,show reversed transactions with xyz corp,,,,,,xyz corp,,reversed
TRANSACTION_HISTORY,show fee transactions on the account ending 4521,the account ending 4521,,fee,,,,,
TRANSACTION_HISTORY,list transactions with xyz corp today,,today,,,,xyz corp,,
TRANSACTION_HISTORY,pull up transactions on my savings account yesterday,my savings account,yesterday,,,,,,
TRANSACTION_HISTORY,pull up transactions on my savings account the past 3 months,my savings account,the past 3 months,,,,,,
TRANSACTION_HISTORY,show transactions over 10000 INR,,,,10000,INR,,,
TRANSACTION_HISTORY,show successful fee transactions,,,fee,,,,,successful
TRANSACTION_HISTORY,pull up transactions on my savings account last week,my savings account,last week,,,,,,
TRANSACTION_HISTORY,transaction history for the corporate account the past 3 months,the corporate account,the past 3 months,,,,,,
TRANSACTION_HISTORY,pull up transactions on the account ending 4521 this month,the account ending 4521,this month,,,,,,
TRANSACTION_HISTORY,show cancelled payment transactions,,,payment,,,,,cancelled
TRANSACTION_HISTORY,show pending transactions with oceanic exports,,,,,,oceanic exports,,pending
TRANSACTION_HISTORY,what did i pay xyz corp the past 30 days,,the past 30 days,,,,xyz corp,,
TRANSACTION_HISTORY,show transactions over 15000 GBP,,,,15000,GBP,,,
TRANSACTION_HISTORY,pull up transactions on my current account from january to march,my current account,from january to march,,,,,,
TRANSACTION_HISTORY,pull up transactions on business account yesterday,business account,yesterday,,,,,,
TRANSACTION_HISTORY,show transactions over 10000 USD,,,,10000,USD,,,
TRANSACTION_HISTORY,show all withdrawal transactions the past 30 days,,the past 30 days,withdrawal,,,,,
TRANSACTION_HISTORY,show all charge transactions today,,today,charge,,,,,
TRANSACTION_HISTORY,find the transaction for reference number REF3321,,,,,,,reference number REF3321,
TRANSACTION_HISTORY,list transactions with green energy pvt ltd the past 30 days,,the past 30 days,,,,green energy pvt ltd,,
TRANSACTION_HISTORY,show all interest transactions today,,today,interest,,,,,
TRANSACTION_HISTORY,show rejected withdrawal transactions,,,withdrawal,,,,,rejected
TRANSACTION_HISTORY,show all withdrawal transactions this quarter,,this quarter,withdrawal,,,,,
TRANSACTION_HISTORY,transaction history for my savings account yesterday,my savings account,yesterday,,,,,,
TRANSACTION_HISTORY,list transactions with oceanic exports last year,,last year,,,,oceanic exports,,
TRANSACTION_HISTORY,show all withdrawal transactions last week,,last week,withdrawal,,,,,
TRANSACTION_HISTORY,show rejected deposit transactions,,,deposit,,,,,rejected
TRANSACTION_HISTORY,show transactions over 1200 EUR,,,,1200,EUR,,,
TRANSACTION_HISTORY,transaction history for my current account from january to march,my current account,from january to march,,,,,,
TRANSACTION_HISTORY,transaction history for the corporate account yesterday,the corporate account,yesterday,,,,,,
TRANSACTION_HISTORY,any transactions over 1200 GBP this quarter,,this quarter,,1200,GBP,,,
TRANSACTION_HISTORY,pull up transactions on my current account yesterday,my current account,yesterday,,,,,,
TRANSACTION_HISTORY,list transactions with rajesh kumar from january to march,,from january to march,,,,rajesh kumar,,
TRANSACTION_HISTORY,what did i pay the landlord today,,today,,,,the landlord,,
TRANSACTION_HISTORY,list transactions with our supplier the past 30 days,,the past 30 days,,,,our supplier,,
TRANSACTION_HISTORY,list transactions with the landlord from january to march,,from january to march,,,,the landlord,,
TRANSACTION_HISTORY,show transactions over 25000 EUR,,,,25000,EUR,,,
TRANSACTION_HISTORY,what did i pay the landlord this quarter,,this quarter,,,,the landlord,,
TRANSACTION_HISTORY,transaction history for my current account today,my current account,today,,,,,,
TRANSACTION_HISTORY,list transactions with xyz corp from january to march,,from january to march,,,,xyz corp,,
TRANSACTION_HISTORY,show cancelled transfer transactions,,,transfer,,,,,cancelled
TRANSACTION_HISTORY,show transactions over 5000 USD,,,,5000,USD,,,
TRANSACTION_HISTORY,list transactions with xyz corp this quarter,,this quarter,,,,xyz corp,,
TRANSACTION_HISTORY,show withdrawal transactions on the corporate account,the corporate account,,withdrawal,,,,,
TRANSACTION_HISTORY,show all refund transactions today,,today,refund,,,,,
TRANSACTION_HISTORY,show all refund transactions the past 30 days,,the past 30 days,refund,,,,,
TRANSACTION_HISTORY,pull up transactions on business account the past 3 months,business account,the past 3 months,,,,,,
TRANSACTION_HISTORY,transaction history for my savings account this month,my savings account,this month,,,,,,
TRANSACTION_HISTORY,show all deposit transactions the past 3 months,,the past 3 months,deposit,,,,,
TRANSACTION_HISTORY,transaction history for my savings account last year,my savings account,last year,,,,,,
TRANSACTION_HISTORY,show all withdrawal transactions the past 3 months,,the past 3 months,withdrawal,,,,,
TRANSACTION_HISTORY,pull up transactions on my usd account this month,my usd account,this month,,,,,,
TRANSACTION_HISTORY,any transactions over 10000 USD this month,,this month,,10000,USD,,,
TRANSACTION_HISTORY,show reversed fee transactions,,,fee,,,,,reversed
TRANSACTION_HISTORY,show transactions over 100000 INR,,,,100000,INR,,,
TRANSACTION_HISTORY,show cancelled payment transactions on my current account,my current account,,payment,,,,,cancelled
TRANSACTION_HISTORY,show rejected charge transactions,,,charge,,,,,rejected
TRANSACTION_HISTORY,pull up transactions on my current account the past 3 months,my current account,the past 3 months,,,,,,
TRANSACTION_HISTORY,transaction history for my current account last week,my current account,last week,,,,,,
TRANSACTION_HISTORY,show transactions over 15000 EUR,,,,15000,EUR,,,
TRANSACTION_HISTORY,show rejected debit transactions,,,debit,,,,,rejected
TRANSACTION_HISTORY,any transactions over 500 USD from january to march,,from january to march,,500,USD,,,
TRANSACTION_HISTORY,show cancelled transactions with tech solutions inc,,,,,,tech solutions inc,,cancelled
TRANSACTION_HISTORY,show rejected withdrawal transactions on business account,business account,,withdrawal,,,,,rejected
TRANSACTION_HISTORY,show pending transactions with the landlord,,,,,,the landlord,,pending
TRANSACTION_HISTORY,list transactions with the landlord this month,,this month,,,,the landlord,,
TRANSACTION_HISTORY,transaction history for my usd account last week,my usd account,last week,,,,,,
TRANSACTION_HISTORY,show pending transactions with green energy pvt ltd,,,,,,green energy pvt ltd,,pending
TRANSACTION_HISTORY,pull up transactions on my savings account today,my savings account,today,,,,,,
TRANSACTION_HISTORY,show interest transactions on my savings account,my savings account,,interest,,,,,
TRANSACTION_HISTORY,show transactions over 15000 USD,,,,15000,USD,,,
TRANSACTION_HISTORY,show transactions over 500 EUR,,,,500,EUR,,,
TRANSACTION_HISTORY,show cancelled transactions with the landlord,,,,,,the landlord,,cancelled
TRANSACTION_HISTORY,show debit transactions on my current account,my current account,,debit,,,,,
TRANSACTION_HISTORY,pull up transactions on my savings account from january to march,my savings account,from january to march,,,,,,
TRANSACTION_HISTORY,show failed refund transactions,,,refund,,,,,failed
TRANSACTION_HISTORY,show debit transactions on my usd account,my usd account,,debit,,,,,
TRANSACTION_HISTORY,pull up transactions on my usd account yesterday,my usd account,yesterday,,,,,,
TRANSACTION_HISTORY,transaction history for my usd account the past 30 days,my usd account,the past 30 days,,,,,,
TRANSACTION_HISTORY,show cancelled withdrawal transactions,,,withdrawal,,,,,cancelled
TRANSACTION_HISTORY,show all charge transactions this quarter,,this quarter,charge,,,,,
TRANSACTION_HISTORY,list transactions with xyz corp the past 3 months,,the past 3 months,,,,xyz corp,,
TRANSACTION_HISTORY,show transactions over 500 GBP,,,,500,GBP,,,
TRANSACTION_HISTORY,transaction history for my savings account today,my savings account,today,,,,,,
TRANSACTION_HISTORY,any transactions over 25000 INR last week,,last week,,25000,INR,,,
TRANSACTION_HISTORY,show pending transactions with our supplier,,,,,,our supplier,,pending
TRANSACTION_HISTORY,show all debit transactions yesterday,,yesterday,debit,,,,,
TRANSACTION_HISTORY,show debit transactions on business account,business account,,debit,,,,,
TRANSACTION_HISTORY,show refund transactions on the account ending 4521,the account ending 4521,,refund,,,,,
TRANSACTION_HISTORY,any transactions over 25000 USD from january to march,,from january to march,,25000,USD,,,
TRANSACTION_HISTORY,list transactions with the landlord last week,,last week,,,,the landlord,,
TRANSACTION_HISTORY,show successful deposit transactions,,,deposit,,,,,successful
TRANSACTION_HISTORY,show all refund transactions yesterday,,yesterday,refund,,,,,
TRANSACTION_HISTORY,show pending transfer transactions on the corporate account,the corporate account,,transfer,,,,,pending
TRANSACTION_HISTORY,transaction history for my current account this quarter,my current account,this quarter,,,,,,
TRANSACTION_HISTORY,any transactions over 5000 INR last year,,last year,,5000,INR,,,
TRANSACTION_HISTORY,show pending credit transactions,,,credit,,,,,pending
TRANSACTION_HISTORY,show payment transactions on the corporate account,the corporate account,,payment,,,,,
TRANSACTION_HISTORY,show refund transactions on business account,business account,,refund,,,,,
TRANSACTION_HISTORY,what did i pay oceanic exports this quarter,,this quarter,,,,oceanic exports,,
TRANSACTION_HISTORY,transaction history for my current account the past 3 months,my current account,the past 3 months,,,,,,
TRANSACTION_HISTORY,show transactions over 25000 INR,,,,25000,INR,,,
TRANSACTION_HISTORY,transaction history for business account last year,business account,last year,,,,,,
TRANSACTION_HISTORY,show all deposit transactions the past 30 days,,the past 30 days,deposit,,,,,
TRANSACTION_HISTORY,list transactions with our supplier this month,,this month,,,,our supplier,,
TRANSACTION_HISTORY,pull up transactions on the corporate account yesterday,the corporate account,yesterday,,,,,,
TRANSACTION_HISTORY,show debit transactions on my savings account,my savings account,,debit,,,,,
TRANSACTION_HISTORY,show transactions over 25000 USD,,,,25000,USD,,,
TRANSACTION_HISTORY,show cancelled transactions with oceanic exports,,,,,,oceanic exports,,cancelled
TRANSACTION_HISTORY,pull up transactions on the corporate account the past 30 days,the corporate account,the past 30 days,,,,,,
TRANSACTION_HISTORY,transaction history for business account last week,business account,last week,,,,,,
TRANSACTION_HISTORY,show cancelled debit transactions,,,debit,,,,,cancelled
TRANSACTION_HISTORY,show cancelled transactions with our supplier,,,,,,our supplier,,cancelled
TRANSACTION_HISTORY,transaction history for the account ending 4521 last year,the account ending 4521,last year,,,,,,
TRANSACTION_HISTORY,show all interest transactions this quarter,,this quarter,interest,,,,,
TRANSACTION_HISTORY,show all debit transactions this quarter,,this quarter,debit,,,,,
TRANSACTION_HISTORY,show charge transactions on my current account,my current account,,charge,,,,,
TRANSACTION_HISTORY,show rejected fee transactions,,,fee,,,,,rejected
TRANSACTION_HISTORY,show all transfer transactions last year,,last year,transfer,,,,,
TRANSACTION_HISTORY,transaction history for business account yesterday,business account,yesterday,,,,,,
TRANSACTION_HISTORY,show failed charge transactions,,,charge,,,,,failed
TRANSACTION_HISTORY,what did i pay the landlord the past 30 days,,the past 30 days,,,,the landlord,,
TRANSACTION_HISTORY,pull up transactions on the corporate account from january to march,the corporate account,from january to march,,,,,,
TRANSACTION_HISTORY,show all transfer transactions this month,,this month,transfer,,,,,
TRANSACTION_HISTORY,any transactions over 500 GBP the past 30 days,,the past 30 days,,500,GBP,,,
TRANSACTION_HISTORY,any transactions over 50000 GBP the past 30 days,,the past 30 days,,50000,GBP,,,
TRANSACTION_HISTORY,pull up transactions on the corporate account last week,the corporate account,last week,,,,,,
TRANSACTION_HISTORY,transaction history for the corporate account today,the corporate account,today,,,,,,
TRANSACTION_HISTORY,what did i pay green energy pvt ltd from january to march,,from january to march,,,,green energy pvt ltd,,
TRANSACTION_HISTORY,show fee transactions on my usd account,my usd account,,fee,,,,,
TRANSACTION_HISTORY,show pending charge transactions on business account,business account,,charge,,,,,pending
TRANSACTION_HISTORY,list transactions with oceanic exports this quarter,,this quarter,,,,oceanic exports,,
TRANSACTION_HISTORY,show pending credit transactions on the corporate account,the corporate account,,credit,,,,,pending
TRANSACTION_HISTORY,list transactions with oceanic exports last week,,last week,,,,oceanic exports,,
TRANSACTION_HISTORY,what did i pay tech solutions inc from january to march,,from january to march,,,,tech solutions inc,,
TRANSACTION_HISTORY,show cancelled deposit transactions,,,deposit,,,,,cancelled
TRANSACTION_HISTORY,transaction history for business account from january to march,business account,from january to march,,,,,,
TRANSACTION_HISTORY,any transactions over 5000 INR from january to march,,from january to march,,5000,INR,,,
TRANSACTION_HISTORY,show interest transactions on business account,business account,,interest,,,,,
TRANSACTION_HISTORY,pull up transactions on the account ending 4521 yesterday,the account ending 4521,yesterday,,,,,,
TRANSACTION_HISTORY,what did i pay our supplier this quarter,,this quarter,,,,our supplier,,
TRANSACTION_HISTORY,show all deposit transactions this quarter,,this quarter,deposit,,,,,
TRANSACTION_HISTORY,transaction history for my savings account this quarter,my savings account,this quarter,,,,,,
TRANSACTION_HISTORY,show cancelled charge transactions,,,charge,,,,,cancelled
TRANSACTION_HISTORY,show failed transactions with the landlord,,,,,,the landlord,,failed
TRANSACTION_HISTORY,show all interest transactions last week,,last week,interest,,,,,
TRANSACTION_HISTORY,show withdrawal transactions on business account,business account,,withdrawal,,,,,
TRANSACTION_HISTORY,show refund transactions on my usd account,my usd account,,refund,,,,,
TRANSACTION_HISTORY,list transactions with tech solutions inc from january to march,,from january to march,,,,tech solutions inc,,
TRANSACTION_HISTORY,show charge transactions on the corporate account,the corporate account,,charge,,,,,
TRANSACTION_HISTORY,show all fee transactions last year,,last year,fee,,,,,
TRANSACTION_HISTORY,show cancelled fee transactions,,,fee,,,,,cancelled
TRANSACTION_HISTORY,what did i pay the landlord this month,,this month,,,,the landlord,,
TRANSACTION_HISTORY,show reversed refund transactions on business account,business account,,refund,,,,,reversed
TRANSACTION_HISTORY,transaction history for my savings account the past 3 months,my savings account,the past 3 months,,,,,,
TRANSACTION_HISTORY,list transactions with oceanic exports the past 3 months,,the past 3 months,,,,oceanic exports,,
TRANSACTION_HISTORY,what did i pay xyz corp yesterday,,yesterday,,,,xyz corp,,
TRANSACTION_HISTORY,transaction history for my usd account from january to march,my usd account,from january to march,,,,,,
TRANSACTION_HISTORY,pull up transactions on my current account this month,my current account,this month,,,,,,
TRANSACTION_HISTORY,any transactions over 500 INR yesterday,,yesterday,,500,INR,,,
TRANSACTION_HISTORY,pull up transactions on my usd account the past 30 days,my usd account,the past 30 days,,,,,,
TRANSACTION_HISTORY,pull up transactions on business account last week,business account,last week,,,,,,
TRANSACTION_HISTORY,pull up transactions on the account ending 4521 today,the account ending 4521,today,,,,,,
TRANSACTION_HISTORY,show all refund transactions last year,,last year,refund,,,,,
TRANSACTION_HISTORY,pull up transactions on business account this quarter,business account,this quarter,,,,,,
TRANSACTION_HISTORY,what did i pay xyz corp this month,,this month,,,,xyz corp,,
TRANSACTION_HISTORY,list transactions with our supplier last week,,last week,,,,our supplier,,
TRANSACTION_HISTORY,pull up transactions on my usd account this quarter,my usd account,this quarter,,,,,,
TRANSACTION_HISTORY,show withdrawal transactions on the account ending 4521,the account ending 4521,,withdrawal,,,,,
TRANSACTION_HISTORY,show credit transactions on the account ending 4521,the account ending 4521,,credit,,,,,
TRANSACTION_HISTORY,what did i pay xyz corp this quarter,,this quarter,,,,xyz corp,,
TRANSACTION_HISTORY,show reversed transactions with rajesh kumar,,,,,,rajesh kumar,,reversed
TRANSACTION_HISTORY,show payment transactions on my current account,my current account,,payment,,,,,
TRANSACTION_HISTORY,any transactions over 25000 GBP yesterday,,yesterday,,25000,GBP,,,
TRANSACTION_HISTORY,show deposit transactions on the account ending 4521,the account ending 4521,,deposit,,,,,
TRANSACTION_HISTORY,what did i pay tech solutions inc today,,today,,,,tech solutions inc,,
TRANSACTION_HISTORY,show all refund transactions the past 3 months,,the past 3 months,refund,,,,,
TRANSACTION_HISTORY,show all transfer transactions yesterday,,yesterday,transfer,,,,,
TRANSACTION_HISTORY,what did i pay our supplier last week,,last week,,,,our supplier,,
TRANSACTION_HISTORY,any transactions over 1200 USD from january to march,,from january to march,,1200,USD,,,
TRANSACTION_HISTORY,show all charge transactions the past 3 months,,the past 3 months,charge,,,,,
TRANSACTION_HISTORY,transaction history for the account ending 4521 the past 3 months,the account ending 4521,the past 3 months,,,,,,
TRANSACTION_HISTORY,show transfer transactions on my usd account,my usd account,,transfer,,,,,
TRANSACTION_HISTORY,show cancelled interest transactions,,,interest,,,,,cancelled
TRANSACTION_HISTORY,transaction history for the account ending 4521 this month,the account ending 4521,this month,,,,,,
TRANSACTION_HISTORY,show transactions over 2500 GBP,,,,2500,GBP,,,
TRANSACTION_HISTORY,what did i pay our supplier from january to march,,from january to march,,,,our supplier,,
TRANSACTION_HISTORY,any transactions over 5000 INR yesterday,,yesterday,,5000,INR,,,
TRANSACTION_HISTORY,show all payment transactions yesterday,,yesterday,payment,,,,,
TRANSACTION_HISTORY,transaction history for the corporate account the past 30 days,the corporate account,the past 30 days,,,,,,
TRANSACTION_HISTORY,pull up transactions on the corporate account this quarter,the corporate account,this quarter,,,,,,
TRANSACTION_HISTORY,any transactions over 1200 USD yesterday,,yesterday,,1200,USD,,,
TRANSACTION_HISTORY,show all payment transactions today,,today,payment,,,,,
TRANSACTION_HISTORY,show rejected transactions with green energy pvt ltd,,,,,,green energy pvt ltd,,rejected
TRANSACTION_HISTORY,show all credit transactions last week,,last week,credit,,,,,
TRANSACTION_HISTORY,show all deposit transactions from january to march,,from january to march,deposit,,,,,
TRANSACTION_HISTORY,show reversed transactions with oceanic exports,,,,,,oceanic exports,,reversed
TRANSACTION_HISTORY,show all credit transactions yesterday,,yesterday,credit,,,,,
TRANSACTION_HISTORY,show transactions over 5000 GBP,,,,5000,GBP,,,
TRANSACTION_HISTORY,show failed transactions with tech solutions inc,,,,,,tech solutions inc,,failed
TRANSACTION_HISTORY,pull up transactions on my usd account last week,my usd account,last week,,,,,,
TRANSACTION_HISTORY,what did i pay xyz corp last year,,last year,,,,xyz corp,,
TRANSACTION_HISTORY,what did i pay green energy pvt ltd yesterday,,yesterday,,,,green energy pvt ltd,,
TRANSACTION_HISTORY,show fee transactions on the corporate account,the corporate account,,fee,,,,,
TRANSACTION_HISTORY,any transactions over 100000 EUR the past 3 months,,the past 3 months,,100000,EUR,,,
TRANSACTION_HISTORY,show cancelled transactions with green energy pvt ltd,,,,,,green energy pvt ltd,,cancelled
TRANSACTION_HISTORY,list transactions with our supplier last year,,last year,,,,our supplier,,
TRANSACTION_HISTORY,show reversed deposit transactions,,,deposit,,,,,reversed
TRANSACTION_HISTORY,what did i pay rajesh kumar this quarter,,this quarter,,,,rajesh kumar,,
TRANSACTION_HISTORY,transaction history for the account ending 4521 last week,the account ending 4521,last week,,,,,,
TRANSACTION_HISTORY,list transactions with our supplier yesterday,,yesterday,,,,our supplier,,
TRANSACTION_HISTORY,show all interest transactions this month,,this month,interest,,,,,
TRANSACTION_HISTORY,show all withdrawal transactions today,,today,withdrawal,,,,,
TRANSACTION_HISTORY,show rejected transactions with xyz corp,,,,,,xyz corp,,rejected
TRANSACTION_HISTORY,list transactions with oceanic exports from january to march,,from january to march,,,,oceanic exports,,
TRANSACTION_HISTORY,show payment transactions on business account,business account,,payment,,,,,
TRANSACTION_HISTORY,transaction history for the account ending 4521 this quarter,the account ending 4521,this quarter,,,,,,
TRANSACTION_HISTORY,show transactions over 10000 GBP,,,,10000,GBP,,,
TRANSACTION_HISTORY,what did i pay the landlord last year,,last year,,,,the landlord,,
TRANSACTION_HISTORY,what did i pay xyz corp the past 3 months,,the past 3 months,,,,xyz corp,,
TRANSACTION_HISTORY,what did i pay green energy pvt ltd last week,,last week,,,,green energy pvt ltd,,
TRANSACTION_HISTORY,pull up transactions on business account this month,business account,this month,,,,,,
TRANSACTION_HISTORY,show cancelled payment transactions on my savings account,my savings account,,payment,,,,,cancelled
TRANSACTION_HISTORY,what did i pay oceanic exports last week,,last week,,,,oceanic exports,,
TRANSACTION_HISTORY,pull up transactions on my usd account the past 3 months,my usd account,the past 3 months,,,,,,
TRANSACTION_HISTORY,show transactions over 2500 INR,,,,2500,INR,,,
TRANSACTION_HISTORY,show all debit transactions the past 30 days,,the past 30 days,debit,,,,,
TRANSACTION_HISTORY,show all fee transactions yesterday,,yesterday,fee,,,,,
TRANSACTION_HISTORY,show all payment transactions this month,,this month,payment,,,,,
TRANSACTION_HISTORY,show cancelled charge transactions on my usd account,my usd account,,charge,,,,,cancelled
TRANSACTION_HISTORY,show transactions over 50000 GBP,,,,50000,GBP,,,
TRANSACTION_HISTORY,show successful transactions with tech solutions inc,,,,,,tech solutions inc,,successful
TRANSACTION_HISTORY,show rejected credit transactions,,,credit,,,,,rejected
TRANSACTION_HISTORY,show fee transactions on my current account,my current account,,fee,,,,,
TRANSACTION_HISTORY,show successful transactions with our supplier,,,,,,our supplier,,successful
TRANSACTION_HISTORY,transaction history for my usd account this quarter,my usd account,this quarter,,,,,,
TRANSACTION_HISTORY,any transactions over 10000 EUR today,,today,,10000,EUR,,,
TRANSACTION_HISTORY,show all transfer transactions from january to march,,from january to march,transfer,,,,,
TRANSACTION_HISTORY,show all interest transactions yesterday,,yesterday,interest,,,,,
TRANSACTION_HISTORY,list transactions with the landlord today,,today,,,,the landlord,,
TRANSACTION_HISTORY,what did i pay rajesh kumar this month,,this month,,,,rajesh kumar,,
TRANSACTION_HISTORY,what did i pay green energy pvt ltd this quarter,,this quarter,,,,green energy pvt ltd,,
TRANSACTION_HISTORY,list transactions with green energy pvt ltd last week,,last week,,,,green energy pvt ltd,,
TRANSACTION_HISTORY,show all debit transactions last week,,last week,debit,,,,,
TRANSACTION_HISTORY,show pending transactions with tech solutions inc,,,,,,tech solutions inc,,pending
TRANSACTION_HISTORY,show reversed fee transactions on the account ending 4521,the account ending 4521,,fee,,,,,reversed
TRANSACTION_HISTORY,show cancelled refund transactions,,,refund,,,,,cancelled
TRANSACTION_HISTORY,show all fee transactions today,,today,fee,,,,,
TRANSACTION_HISTORY,what did i pay rajesh kumar yesterday,,yesterday,,,,rajesh kumar,,
TRANSACTION_HISTORY,show all credit transactions this month,,this month,credit,,,,,
TRANSACTION_HISTORY,transaction history for the corporate account this month,the corporate account,this month,,,,,,
TRANSACTION_HISTORY,show transactions over 50000 EUR,,,,50000,EUR,,,
TRANSACTION_HISTORY,show pending transactions with xyz corp,,,,,,xyz corp,,pending
TRANSACTION_HISTORY,show failed credit transactions on the account ending 4521,the account ending 4521,,credit,,,,,failed
TRANSACTION_HISTORY,show all withdrawal transactions from january to march,,from january to march,withdrawal,,,,,
TRANSACTION_HISTORY,any transactions over 15000 USD last year,,last year,,15000,USD,,,
TRANSACTION_HISTORY,transaction history for my savings account the past 30 days,my savings account,the past 30 days,,,,,,
TRANSACTION_HISTORY,show all credit transactions the past 30 days,,the past 30 days,credit,,,,,
TRANSACTION_HISTORY,show refund transactions on the corporate account,the corporate account,,refund,,,,,
TRANSACTION_HISTORY,list transactions with green energy pvt ltd this quarter,,this quarter,,,,green energy pvt ltd,,
TRANSACTION_HISTORY,what did i pay the landlord the past 3 months,,the past 3 months,,,,the landlord,,
TRANSACTION_HISTORY,show charge transactions on my savings account,my savings account,,charge,,,,,
TRANSACTION_HISTORY,pull up transactions on my usd account today,my usd account,today,,,,,,
TRANSACTION_HISTORY,show fee transactions on business account,business account,,fee,,,,,
TRANSACTION_HISTORY,pull up transactions on the corporate account the past 3 months,the corporate account,the past 3 months,,,,,,
TRANSACTION_HISTORY,what did i pay tech solutions inc this quarter,,this quarter,,,,tech solutions inc,,
TRANSACTION_HISTORY,pull up transactions on the account ending 4521 the past 3 months,the account ending 4521,the past 3 months,,,,,,
TRANSACTION_HISTORY,show all fee transactions from january to march,,from january to march,fee,,,,,
TRANSACTION_HISTORY,show rejected transactions with the landlord,,,,,,the landlord,,rejected
TRANSACTION_HISTORY,what did i pay rajesh kumar last week,,last week,,,,rajesh kumar,,
TRANSACTION_HISTORY,show pending withdrawal transactions,,,withdrawal,,,,,pending
TRANSACTION_HISTORY,list transactions with tech solutions inc last week,,last week,,,,tech solutions inc,,
TRANSACTION_HISTORY,what did i pay the landlord from january to march,,from january to march,,,,the landlord,,
TRANSACTION_HISTORY,list transactions with the landlord yesterday,,yesterday,,,,the landlord,,
TRANSACTION_HISTORY,show reversed transfer transactions on business account,business account,,transfer,,,,,reversed
TRANSACTION_HISTORY,show interest transactions on the account ending 4521,the account ending 4521,,interest,,,,,
TRANSACTION_HISTORY,show reversed transactions with tech solutions inc,,,,,,tech solutions inc,,reversed
TRANSACTION_HISTORY,show all deposit transactions last week,,last week,deposit,,,,,
TRANSACTION_HISTORY,pull up transactions on my savings account this quarter,my savings account,this quarter,,,,,,
TRANSACTION_HISTORY,any transactions over 10000 GBP yesterday,,yesterday,,10000,GBP,,,
TRANSACTION_HISTORY,what did i pay tech solutions inc the past 30 days,,the past 30 days,,,,tech solutions inc,,
TRANSACTION_HISTORY,what did i pay oceanic exports today,,today,,,,oceanic exports,,
TRANSACTION_HISTORY,show all withdrawal transactions this month,,this month,withdrawal,,,,,
TRANSACTION_HISTORY,pull up transactions on the corporate account today,the corporate account,today,,,,,,
TRANSACTION_HISTORY,show transactions over 15000 INR,,,,15000,INR,,,
TRANSACTION_HISTORY,transaction history for the corporate account this quarter,the corporate account,this quarter,,,,,,
TRANSACTION_HISTORY,show deposit transactions on my current account,my current account,,deposit,,,,,
TRANSACTION_HISTORY,show cancelled transactions with xyz corp,,,,,,xyz corp,,cancelled
TRANSACTION_HISTORY,what did i pay tech solutions inc the past 3 months,,the past 3 months,,,,tech solutions inc,,
TRANSACTION_HISTORY,show debit transactions on the account ending 4521,the account ending 4521,,debit,,,,,
TRANSACTION_HISTORY,show interest transactions on the corporate account,the corporate account,,interest,,,,,
TRANSACTION_HISTORY,show credit transactions on my usd account,my usd account,,credit,,,,,
TRANSACTION_HISTORY,show reversed refund transactions,,,refund,,,,,reversed
TRANSACTION_HISTORY,list transactions with the landlord this quarter,,this quarter,,,,the landlord,,
TRANSACTION_HISTORY,pull up transactions on my current account today,my current account,today,,,,,,
TRANSACTION_HISTORY,show cancelled credit transactions on my savings account,my savings account,,credit,,,,,cancelled
TRANSACTION_HISTORY,any transactions over 2500 INR from january to march,,from january to march,,2500,INR,,,
TRANSACTION_HISTORY,what did i pay rajesh kumar today,,today,,,,rajesh kumar,,
TRANSACTION_HISTORY,what did i pay our supplier the past 3 months,,the past 3 months,,,,our supplier,,
TRANSACTION_HISTORY,show successful debit transactions,,,debit,,,,,successful
TRANSACTION_HISTORY,what did i pay rajesh kumar the past 30 days,,the past 30 days,,,,rajesh kumar,,
TRANSACTION_HISTORY,any transactions over 1200 EUR yesterday,,yesterday,,1200,EUR,,,
TRANSACTION_HISTORY,any transactions over 5000 USD last year,,last year,,5000,USD,,,
TRANSACTION_HISTORY,pull up transactions on business account last year,business account,last year,,,,,,
TRANSACTION_HISTORY,show debit transactions on the corporate account,the corporate account,,debit,,,,,
TRANSACTION_HISTORY,show reversed transactions with green energy pvt ltd,,,,,,green energy pvt ltd,,reversed
TRANSACTION_HISTORY,show transactions over 1200 GBP,,,,1200,GBP,,,
TRANSACTION_HISTORY,show transfer transactions on the corporate account,the corporate account,,transfer,,,,,
TRANSACTION_HISTORY,what did i pay green energy pvt ltd this month,,this month,,,,green energy pvt ltd,,
TRANSACTION_HISTORY,show all debit transactions last year,,last year,debit,,,,,
TRANSACTION_HISTORY,any transactions over 2500 USD last week,,last week,,2500,USD,,,
TRANSACTION_HISTORY,show all credit transactions the past 3 months,,the past 3 months,credit,,,,,
TRANSACTION_HISTORY,show failed fee transactions,,,fee,,,,,failed
TRANSACTION_HISTORY,show successful transactions with xyz corp,,,,,,xyz corp,,successful
TRANSACTION_HISTORY,show all refund transactions last week,,last week,refund,,,,,
TRANSACTION_HISTORY,show withdrawal transactions on my current account,my current account,,withdrawal,,,,,
TRANSACTION_HISTORY,show cancelled transactions with rajesh kumar,,,,,,rajesh kumar,,cancelled
TRANSACTION_HISTORY,show transactions over 500 INR,,,,500,INR,,,
TRANSACTION_HISTORY,show all charge transactions from january to march,,from january to march,charge,,,,,
TRANSACTION_HISTORY,show all deposit transactions last year,,last year,deposit,,,,,
TRANSACTION_HISTORY,show reversed charge transactions,,,charge,,,,,reversed
TRANSACTION_HISTORY,list transactions with xyz corp last year,,last year,,,,xyz corp,,
TRANSACTION_HISTORY,pull up transactions on business account the past 30 days,business account,the past 30 days,,,,,,
TRANSACTION_HISTORY,show all transfer transactions today,,today,transfer,,,,,
TRANSACTION_HISTORY,any transactions over 5000 GBP last week,,last week,,5000,GBP,,,
TRANSACTION_HISTORY,any transactions over 1200 INR this month,,this month,,1200,INR,,,
TRANSACTION_HISTORY,pull up transactions on my current account last year,my current account,last year,,,,,,
TRANSACTION_HISTORY,list transactions with oceanic exports yesterday,,yesterday,,,,oceanic exports,,
TRANSACTION_HISTORY,show all debit transactions the past 3 months,,the past 3 months,debit,,,,,
TRANSACTION_HISTORY,transaction history for my savings account from january to march,my savings account,from january to march,,,,,,
TRANSACTION_HISTORY,list transactions with tech solutions inc last year,,last year,,,,tech solutions inc,,
TRANSACTION_HISTORY,what did i pay oceanic exports the past 3 months,,the past 3 months,,,,oceanic exports,,
TRANSACTION_HISTORY,what did i pay our supplier the past 30 days,,the past 30 days,,,,our supplier,,
TRANSACTION_HISTORY,pull up transactions on the corporate account last year,the corporate account,last year,,,,,,
TRANSACTION_HISTORY,show all refund transactions from january to march,,from january to march,refund,,,,,
TRANSACTION_HISTORY,show all withdrawal transactions last year,,last year,withdrawal,,,,,
TRANSACTION_HISTORY,show all payment transactions from january to march,,from january to march,payment,,,,,
TRANSACTION_HISTORY,show transactions over 5000 INR,,,,5000,INR,,,
TRANSACTION_HISTORY,what did i pay green energy pvt ltd last year,,last year,,,,green energy pvt ltd,,
TRANSACTION_HISTORY,show pending transactions with rajesh kumar,,,,,,rajesh kumar,,pending
TRANSACTION_HISTORY,show successful transactions with rajesh kumar,,,,,,rajesh kumar,,successful
TRANSACTION_HISTORY,show all charge transactions the past 30 days,,the past 30 days,charge,,,,,
TRANSACTION_HISTORY,any transactions over 50000 GBP this month,,this month,,50000,GBP,,,
TRANSACTION_HISTORY,any transactions over 500 USD today,,today,,500,USD,,,
TRANSACTION_HISTORY,show transfer transactions on business account,business account,,transfer,,,,,
TRANSACTION_HISTORY,transaction history for the corporate account last year,the corporate account,last year,,,,,,
TRANSACTION_HISTORY,transaction history for the corporate account from january to march,the corporate account,from january to march,,,,,,
TRANSACTION_HISTORY,show pending payment transactions,,,payment,,,,,pending
TRANSACTION_HISTORY,pull up transactions on the account ending 4521 from january to march,the account ending 4521,from january to march,,,,,,
TRANSACTION_HISTORY,show failed credit transactions,,,credit,,,,,failed
TRANSACTION_HISTORY,what did i pay our supplier last year,,last year,,,,our supplier,,
TRANSACTION_HISTORY,list transactions with tech solutions inc the past 30 days,,the past 30 days,,,,tech solutions inc,,
TRANSACTION_HISTORY,list transactions with our supplier the past 3 months,,the past 3 months,,,,our supplier,,
TRANSACTION_HISTORY,show successful interest transactions,,,interest,,,,,successful
TRANSACTION_HISTORY,any transactions over 2500 GBP the past 3 months,,the past 3 months,,2500,GBP,,,
TRANSACTION_HISTORY,any transactions over 100000 GBP yesterday,,yesterday,,100000,GBP,,,
TRANSACTION_HISTORY,any transactions over 1200 GBP last year,,last year,,1200,GBP,,,
TRANSACTION_HISTORY,pull up transactions on my current account last week,my current account,last week,,,,,,
TRANSACTION_HISTORY,show pending deposit transactions,,,deposit,,,,,pending
TRANSACTION_HISTORY,show failed debit transactions,,,debit,,,,,failed
TRANSACTION_HISTORY,show all transfer transactions last week,,last week,transfer,,,,,
TRANSACTION_HISTORY,what did i pay oceanic exports from january to march,,from january to march,,,,oceanic exports,,
TRANSACTION_HISTORY,show all withdrawal transactions yesterday,,yesterday,withdrawal,,,,,
TRANSACTION_HISTORY,show transactions over 2500 USD,,,,2500,USD,,,
TRANSACTION_HISTORY,list transactions with oceanic exports the past 30 days,,the past 30 days,,,,oceanic exports,,
TRANSACTION_HISTORY,what did i pay xyz corp last week,,last week,,,,xyz corp,,
TRANSACTION_HISTORY,pull up transactions on my savings account the past 30 days,my savings account,the past 30 days,,,,,,
TRANSACTION_HISTORY,what did i pay tech solutions inc this month,,this month,,,,tech solutions inc,,
TRANSACTION_HISTORY,show transactions over 10000 EUR,,,,10000,EUR,,,
TRANSACTION_HISTORY,transaction history for business account the past 3 months,business account,the past 3 months,,,,,,
TRANSACTION_HISTORY,pull up transactions on my current account this quarter,my current account,this quarter,,,,,,
TRANSACTION_HISTORY,transaction history for my usd account last year,my usd account,last year,,,,,,
TRANSACTION_HISTORY,show all transfer transactions the past 30 days,,the past 30 days,transfer,,,,,
TRANSACTION_HISTORY,what did i pay the landlord last week,,last week,,,,the landlord,,
TRANSACTION_HISTORY,any transactions over 15000 INR this month,,this month,,15000,INR,,,
TRANSACTION_HISTORY,show all credit transactions this quarter,,this quarter,credit,,,,,
TRANSACTION_HISTORY,show all payment transactions the past 30 days,,the past 30 days,payment,,,,,
TRANSACTION_HISTORY,any transactions over 15000 EUR this month,,this month,,15000,EUR,,,
TRANSACTION_HISTORY,show transactions over 50000 INR,,,,50000,INR,,,
TRANSACTION_HISTORY,list transactions with xyz corp yesterday,,yesterday,,,,xyz corp,,
TRANSACTION_HISTORY,show deposit transactions on my usd account,my usd account,,deposit,,,,,
TRANSACTION_HISTORY,show all fee transactions this month,,this month,fee,,,,,
TRANSACTION_HISTORY,show pending debit transactions,,,debit,,,,,pending
TRANSACTION_HISTORY,what did i pay tech solutions inc last year,,last year,,,,tech solutions inc,,
TRANSACTION_HISTORY,transaction history for the account ending 4521 yesterday,the account ending 4521,yesterday,,,,,,
TRANSACTION_HISTORY,transaction history for the corporate account last week,the corporate account,last week,,,,,,
TRANSACTION_HISTORY,show all debit transactions from january to march,,from january to march,debit,,,,,
TRANSACTION_HISTORY,pull up transactions on the account ending 4521 last week,the account ending 4521,last week,,,,,,
TRANSACTION_HISTORY,transaction history for my savings account last week,my savings account,last week,,,,,,
TRANSACTION_HISTORY,show rejected transactions with rajesh kumar,,,,,,rajesh kumar,,rejected
TRANSACTION_HISTORY,show successful transactions with oceanic exports,,,,,,oceanic exports,,successful
TRANSACTION_HISTORY,show pending fee transactions,,,fee,,,,,pending
TRANSACTION_HISTORY,any transactions over 10000 GBP last week,,last week,,10000,GBP,,,
